city,province,country,river,lake,sea
ShkodÃ«r,Albania,AL,,Lake Skutari,
DurrÃ«s,Albania,AL,,,Mediterranean Sea
VlorÃ«,Albania,AL,,,Mediterranean Sea
Kavala,Anatolikis Makedonias kai Thrakis,GR,,,Mediterranean Sea
Athina,Attikis,GR,,,Mediterranean Sea
Peiraias,Attikis,GR,,,Mediterranean Sea
Patra,Dytikis Elladas,GR,,,Mediterranean Sea
Kerkyra,Ionion Nison,GR,,,Mediterranean Sea
Thessaloniki,Kentrikis Makedonias,GR,,,Mediterranean Sea
Iraklio,Kritis,GR,,,Mediterranean Sea
Chania,Kritis,GR,,,Mediterranean Sea
Ermoupoli,Notioy Aigaioy,GR,,,Mediterranean Sea
Rhodes,Notioy Aigaioy,GR,,,Mediterranean Sea
Chalkida,Stereas Elladas,GR,,,Mediterranean Sea
Volos,Thessalias,GR,,,Mediterranean Sea
Mytilini,Boreioy Aigaioy,GR,,,Mediterranean Sea
Larnaka,Cyprus,CY,,,Mediterranean Sea
Lemesos,Cyprus,CY,,,Mediterranean Sea
Skopje,North Macedonia,MK,Vardar,,
Beograd,Serbia,SRB,Donau,,
Beograd,Serbia,SRB,Save,,
Novi Sad,Serbia,SRB,Donau,,
Kragujevac,Serbia,SRB,Southern Morava,,
NiÅ¡,Serbia,SRB,Southern Morava,,
Podgorica,Montenegro,MNE,Moraca,,
Andorra la Vella,Andorra,AND,Valira,,
Paris,ÃŽle-de-France,F,Seine,,
Paris,ÃŽle-de-France,F,Marne,,
Boulogne-Billancourt,ÃŽle-de-France,F,Seine,,
Argenteuil,ÃŽle-de-France,F,Seine,,
Saint-Denis,ÃŽle-de-France,F,Seine,,
Lyon,Auvergne-RhÃ´ne-Alpes,F,Rhone,,
Lyon,Auvergne-RhÃ´ne-Alpes,F,Saone,,
Grenoble,Auvergne-RhÃ´ne-Alpes,F,Isere,,
Villeurbanne,Auvergne-RhÃ´ne-Alpes,F,Rhone,,
Bordeaux,Nouvelle-Aquitaine,F,Garonne,,
Limoges,Nouvelle-Aquitaine,F,Vienne,,
Amiens,Hauts-de-France,F,Somme,,
Calais,Hauts-de-France,F,,,North Sea
Marseille,Provence-Alpes-CÃ´te d'Azur,F,,,Mediterranean Sea
Nice,Provence-Alpes-CÃ´te d'Azur,F,,,Mediterranean Sea
Toulon,Provence-Alpes-CÃ´te d'Azur,F,,,Mediterranean Sea
Rennes,Bretagne,F,Vilaine,,
Brest,Bretagne,F,,,Atlantic Ocean
OrlÃ©ans,Centre-Val de Loire,F,Loire,,
Tours,Centre-Val de Loire,F,Loire,,
Nantes,Pays de la Loire,F,Loire,,
Angers,Pays de la Loire,F,Maine,,
Le Mans,Pays de la Loire,F,Sarthe,,
Strasbourg,Grand Est,F,Rhein,,
Strasbourg,Grand Est,F,Ill,,
Mulhouse,Grand Est,F,Ill,,
Metz,Grand Est,F,Mosel,,
Nancy,Grand Est,F,Meurthe,,
Rouen,Normandie,F,Seine,,
Le Havre,Normandie,F,Seine,,The Channel
BesanÃ§on,Bourgogne-Franche-ComtÃ©,F,Doubs,,
Toulouse,Occitanie,F,Garonne,,
Perpignan,Occitanie,F,,,Mediterranean Sea
Ajaccio,Corse,F,,,Mediterranean Sea
Sevilla,AndalucÃ­a,E,Guadalquivir,,
AlmerÃ­a,AndalucÃ­a,E,,,Mediterranean Sea
CÃ¡diz,AndalucÃ­a,E,,,Atlantic Ocean
CÃ³rdoba,AndalucÃ­a,E,Guadalquivir,,
Granada,AndalucÃ­a,E,Genil,,
Huelva,AndalucÃ­a,E,,,Atlantic Ocean
MÃ¡laga,AndalucÃ­a,E,,,Mediterranean Sea
Algeciras,AndalucÃ­a,E,,,Mediterranean Sea
Marbella,AndalucÃ­a,E,,,Mediterranean Sea
Zaragoza,AragÃ³n,E,Ebro,,
GijÃ³n,Asturias,E,,,Atlantic Ocean
Palma de Mallorca,Illes Balears,E,,,Mediterranean Sea
Bilbao,Euskadi,E,,,Atlantic Ocean
Barakaldo,Euskadi,E,,,Atlantic Ocean
Donostia,Euskadi,E,,,Atlantic Ocean
Santa Cruz de Tenerife,Canarias,E,,,Atlantic Ocean
San CristÃ³bal de La Laguna,Canarias,E,,,Atlantic Ocean
Las Palmas de Gran Canaria,Canarias,E,,,Atlantic Ocean
Telde,Canarias,E,,,Atlantic Ocean
Santander,Cantabria,E,,,Atlantic Ocean
Valladolid,Castilla y LeÃ³n,E,Douro,,
Toledo,Castilla-La Mancha,E,Tejo,,
Barcelona,Catalunya,E,,,Mediterranean Sea
Lleida,Catalunya,E,Segre,,
Tarragona,Catalunya,E,,,Mediterranean Sea
Badalona,Catalunya,E,,,Mediterranean Sea
Badajoz,Extremadura,E,Guadiana,,
A CoruÃ±a,Galicia,E,,,Atlantic Ocean
Vigo,Galicia,E,,,Atlantic Ocean
Ourense,Galicia,E,Mino,,
TorrejÃ³n de Ardoz,Madrid,E,Jarama,,
Murcia,Murcia,E,Segura,,
Cartagena,Murcia,E,,,Mediterranean Sea
LogroÃ±o,La Rioja,E,Ebro,,
Valencia,Valenciana,E,Turia,,Mediterranean Sea
Alicante,Valenciana,E,,,Mediterranean Sea
CastellÃ³n de la Plana,Valenciana,E,,,Mediterranean Sea
Praha,Praha,CZ,Moldau,,
Praha,Praha,CZ,Berounka,,
ÄŒeskÃ© BudÄ›jovice,JihoÄeskÃ½,CZ,Moldau,,
Brno,JihomoravskÃ½,CZ,Svratka,,
Karlovy Vary,KarlovarskÃ½,CZ,Eger,,
Jihlava,VysoÄina,CZ,Jihlava,,
Hradec KrÃ¡lovÃ©,KrÃ¡lovÃ©hradeckÃ½,CZ,Elbe,,
Liberec,LibereckÃ½,CZ,NeiÃŸe,,
Ostrava,MoravskoslezskÃ½,CZ,Oder,,
Olomouc,OlomouckÃ½,CZ,March,,
Pardubice,PardubickÃ½,CZ,Elbe,,
PlzeÅˆ,PlzeÅˆskÃ½,CZ,Berounka,,
ÃšstÃ­ nad Labem,ÃšsteckÃ½,CZ,Elbe,,
Bratislava,BratislavskÃ½,SK,Donau,,
Bratislava,BratislavskÃ½,SK,March,,
BanskÃ¡ Bystrica,BanskobystrickÃ½,SK,Hron,,
Å½ilina,Å½ilinskÃ½,SK,Waag,,
KoÅ¡ice,KoÅ¡ickÃ½,SK,Hernad,,
PreÅ¡ov,PreÅ¡ovskÃ½,SK,Torysa,,
Nitra,Nitriansky,SK,Nitra,,
TrenÄÃ­n,TrenÄiansky,SK,Waag,,
Stuttgart,Baden-WÃ¼rttemberg,D,Neckar,,
Mannheim,Baden-WÃ¼rttemberg,D,Rhein,,
Mannheim,Baden-WÃ¼rttemberg,D,Neckar,,
Karlsruhe,Baden-WÃ¼rttemberg,D,Rhein,,
Heidelberg,Baden-WÃ¼rttemberg,D,Neckar,,
Heilbronn,Baden-WÃ¼rttemberg,D,Neckar,,
Pforzheim,Baden-WÃ¼rttemberg,D,Enz,,
Ulm,Baden-WÃ¼rttemberg,D,Donau,,
Ulm,Baden-WÃ¼rttemberg,D,Iller,,
MÃ¼nchen,Bayern,D,Isar,,
NÃ¼rnberg,Bayern,D,Pegnitz,,
Augsburg,Bayern,D,Lech,,
WÃ¼rzburg,Bayern,D,Main,,
Regensburg,Bayern,D,Donau,,
Regensburg,Bayern,D,Regen,,
Regensburg,Bayern,D,Naab,,
Ingolstadt,Bayern,D,Donau,,
FÃ¼rth,Bayern,D,Regnitz,,
FÃ¼rth,Bayern,D,Rednitz,,
FÃ¼rth,Bayern,D,Pegnitz,,
Erlangen,Bayern,D,Regnitz,,
Berlin,Berlin,D,Havel,,
Berlin,Berlin,D,Spree,,
Potsdam,Brandenburg,D,Havel,,
Cottbus,Brandenburg,D,Spree,,
Bremen,Bremen,D,Weser,,
Bremerhaven,Bremen,D,Weser,,North Sea
Hamburg,Hamburg,D,Elbe,,
Wiesbaden,Hessen,D,Rhein,,
Wiesbaden,Hessen,D,Main,,
Frankfurt,Hessen,D,Main,,
Frankfurt,Hessen,D,Nidda,,
Kassel,Hessen,D,Fulda,,
Offenbach am Main,Hessen,D,Main,,
Rostock,Mecklenburg-Vorpommern,D,,,Baltic Sea
Hannover,Niedersachsen,D,Leine,,
Braunschweig,Niedersachsen,D,Oker,,
OsnabrÃ¼ck,Niedersachsen,D,Hase,,
GÃ¶ttingen,Niedersachsen,D,Leine,,
Wolfsburg,Niedersachsen,D,Aller,,
DÃ¼sseldorf,Nordrhein-Westfalen,D,Rhein,,
KÃ¶ln,Nordrhein-Westfalen,D,Rhein,,
Essen,Nordrhein-Westfalen,D,Emscher,,
Essen,Nordrhein-Westfalen,D,Ruhr,,
Dortmund,Nordrhein-Westfalen,D,Emscher,,
Dortmund,Nordrhein-Westfalen,D,Ruhr,,
Duisburg,Nordrhein-Westfalen,D,Rhein,,
Duisburg,Nordrhein-Westfalen,D,Ruhr,,
Bochum,Nordrhein-Westfalen,D,Ruhr,,
Wuppertal,Nordrhein-Westfalen,D,Wupper,,
Gelsenkirchen,Nordrhein-Westfalen,D,Emscher,,
Bonn,Nordrhein-Westfalen,D,Rhein,,
Krefeld,Nordrhein-Westfalen,D,Rhein,,
Oberhausen,Nordrhein-Westfalen,D,Emscher,,
Oberhausen,Nordrhein-Westfalen,D,Ruhr,,
Hagen,Nordrhein-Westfalen,D,Ruhr,,
Hamm,Nordrhein-Westfalen,D,Lippe,,
Herne,Nordrhein-Westfalen,D,Emscher,,
MÃ¼lheim,Nordrhein-Westfalen,D,Ruhr,,
Solingen,Nordrhein-Westfalen,D,Wupper,,
Leverkusen,Nordrhein-Westfalen,D,Rhein,,
Leverkusen,Nordrhein-Westfalen,D,Wupper,,
Neuss,Nordrhein-Westfalen,D,Rhein,,
Paderborn,Nordrhein-Westfalen,D,Lippe,,
Recklinghausen,Nordrhein-Westfalen,D,Emscher,,
Remscheid,Nordrhein-Westfalen,D,Wupper,,
Bottrop,Nordrhein-Westfalen,D,Emscher,,
Siegen,Nordrhein-Westfalen,D,Sieg,,
Witten,Nordrhein-Westfalen,D,Ruhr,,
Mainz,Rheinland-Pfalz,D,Rhein,,
Ludwigshafen,Rheinland-Pfalz,D,Rhein,,
Koblenz,Rheinland-Pfalz,D,Rhein,,
Koblenz,Rheinland-Pfalz,D,Mosel,,
Trier,Rheinland-Pfalz,D,Mosel,,
SaarbrÃ¼cken,Saarland,D,Saar,,
Dresden,Sachsen,D,Elbe,,
Leipzig,Sachsen,D,WeiÃŸe Elster,,
Zwickau,Sachsen,D,Mulde,,
Magdeburg,Sachsen-Anhalt,D,Elbe,,
Halle,Sachsen-Anhalt,D,Saale,,
Halle,Sachsen-Anhalt,D,WeiÃŸe Elster,,
Kiel,Schleswig-Holstein,D,,,Baltic Sea
LÃ¼beck,Schleswig-Holstein,D,,,Baltic Sea
Gera,ThÃ¼ringen,D,WeiÃŸe Elster,,
Jena,ThÃ¼ringen,D,Saale,,
Miskolc,Borsod-AbaÃºj-ZemplÃ©n,H,SajÃ³,,
Szeged,CsongrÃ¡d,H,Tisza,,
Szeged,CsongrÃ¡d,H,MureÈ™,,
GyÅ‘r,GyÅ‘r-Moson-Sopron,H,Raab,,
Szolnok,JÃ¡sz-Nagykun-Szolnok,H,Tisza,,
Budapest,Budapest,H,Donau,,
Torino,Piemonte,I,Po,,
Aosta,Valle d'Aosta,I,Dora Baltea,,
Milano,Lombardia,I,Lambro,,
Monza,Lombardia,I,Lambro,,
Bolzano,Trentino-Alto Adige,I,Etsch,,
Trento,Trentino-Alto Adige,I,Etsch,,
Verona,Veneto,I,Etsch,,
VenÃ©zia,Veneto,I,,,Mediterranean Sea
Trieste,Friuli-Venezia Giulia,I,,,Mediterranean Sea
La Spezia,Liguria,I,,,Mediterranean Sea
GÃ©nova,Liguria,I,,,Mediterranean Sea
Piacenza,Emilia-Romagna,I,Po,,
RÃ­mini,Emilia-Romagna,I,,,Mediterranean Sea
Livorno,Toscana,I,,,Mediterranean Sea
Pisa,Toscana,I,Arno,,
Firenze,Toscana,I,Arno,,
Ancona,Marche,I,,,Mediterranean Sea
Roma,Lazio,I,Tevere,,
Pescara,Abruzzo,I,,,Mediterranean Sea
Salerno,Campania,I,,,Mediterranean Sea
NÃ¡poli,Campania,I,,,Mediterranean Sea
Torre del Greco,Campania,I,,,Mediterranean Sea
Bari,Puglia,I,,,Mediterranean Sea
TÃ¡ranto,Puglia,I,,,Mediterranean Sea
RÃ©ggio di Calabria,Calabria,I,,,Mediterranean Sea
Palermo,Sicilia,I,,,Mediterranean Sea
Messina,Sicilia,I,,,Mediterranean Sea
CatÃ¡nia,Sicilia,I,,,Mediterranean Sea
Siracusa,Sicilia,I,,,Mediterranean Sea
CÃ¡gliari,Sardegna,I,,,Mediterranean Sea
Aarau,Aargau,CH,Aare,,
Basel,Basel-Stadt,CH,Rhein,,
Basel,Basel-Stadt,CH,Birs,,
Bern,Bern,CH,Aare,,
Biel,Bern,CH,,Bielersee,
Fribourg,Fribourg,CH,Saane,,
GenÃ¨ve,GenÃ¨ve,CH,Rhone,Lac Leman,
Chur,GraubÃ¼nden,CH,Rhein,,
Delemont,Jura,CH,Birs,,
Luzern,Luzern,CH,Reuss,VierwaldstÃ¤ttersee,
Neuchatel,NeuchÃ¢tel,CH,,Lac de NeuchÃ¢tel,
Schaffhausen,Schaffhausen,CH,Rhein,,
Solothurn,Solothurn,CH,Aare,,
Frauenfeld,Thurgau,CH,Thur,,
Bellinzona,Ticino,CH,Ticino,,
Lugano,Ticino,CH,,Lago di Lugano,
Altdorf,Uri,CH,Reuss,VierwaldstÃ¤ttersee,
Sion,Valais,CH,Rhone,,
Lausanne,Vaud,CH,,Lac Leman,
ZÃ¼rich,ZÃ¼rich,CH,Limmat,ZÃ¼richsee,
Vaduz,Liechtenstein,FL,Rhein,,
Villach,KÃ¤rnten,A,Drau,,
Villach,KÃ¤rnten,A,Gail,,
Bregenz,Vorarlberg,A,,Bodensee,
Wien,Wien,A,Donau,,
Linz,OberÃ¶sterreich,A,Donau,,
Innsbruck,Tirol,A,Inn,,
Lienz,Tirol,A,Drau,,
Graz,Steiermark,A,Mur,,
Salzburg,Salzburg,A,Salzach,,
Tallinn,Estonia,EST,,,Baltic Sea
RÄ«ga,Latvia,LV,Daugava,,Baltic Sea
Vilnius,Lithuania,LT,Neris,,
Kaunas,Lithuania,LT,Memel,,
Kaunas,Lithuania,LT,Neris,,
Klaipeda,Lithuania,LT,,,Baltic Sea
Brest,Brest,BY,Western Bug,,
Pinsk,Brest,BY,Prypjat,,
Vitebsk,Vitebsk,BY,Daugava,,
Orsha,Vitebsk,BY,Dnepr,,
Novopolotsk,Vitebsk,BY,Daugava,,
Gomel,Gomel,BY,Sozh,,
Mazyr,Gomel,BY,Prypjat,,
Grodno,Grodno,BY,Memel,,
Mahiljou,Mahiljou,BY,Dnepr,,
Bobruysk,Mahiljou,BY,Berezina,,
Barysaw,Minsk,BY,Berezina,,
Minsk,Minsk City,BY,Svislach,,
WrocÅ‚aw,DolnoÅ›lÄ…skie,PL,Oder,,
Bydgoszcz,Kujawsko-Pomorskie,PL,Weichsel,,
ToruÅ„,Kujawsko-Pomorskie,PL,Weichsel,,
Grudziadz,Kujawsko-Pomorskie,PL,Weichsel,,
WÅ‚ocÅ‚awek,Kujawsko-Pomorskie,PL,Weichsel,,
GorzÃ³w Wielkopolski,Lubuskie,PL,Warta,,
KrakÃ³w,MaÅ‚opolskie,PL,Weichsel,,
TarnÃ³w,MaÅ‚opolskie,PL,Dunajec,,
Warszawa,Mazowieckie,PL,Weichsel,,
PÅ‚ock,Mazowieckie,PL,Weichsel,,
Opole,Opolskie,PL,Oder,,
GdaÅ„sk,Pomorskie,PL,Weichsel,,Baltic Sea
Gdynia,Pomorskie,PL,,,Baltic Sea
CzÄ™stochowa,ÅšlÄ…skie,PL,Warta,,
PoznaÅ„,Wielkopolskie,PL,Warta,,
Szczecin,Zachodniopomorskie,PL,Oder,,
Cerkasy,Cerkaska,UA,Dnepr,Kremenchuk Reservoir,
Cernihiv,Cernihivska,UA,Desna,,
Cernivci,Cernivecka,UA,Pruth,,
Cherson,Chersonska,UA,Dnepr,Kakhovka Reservoir,
Chmelnytskyi,Chmelnytska,UA,SouthernBug,,
Dnipro,Dnipropetrovska,UA,Dnepr,,
Kryvyi Rih,Dnipropetrovska,UA,Inhulets,,
Kamianske,Dnipropetrovska,UA,Dnepr,,
Nikopol,Dnipropetrovska,UA,,Kakhovka Reservoir,
Donetsk,Donetska,UA,Kalmius,,
Mariupol,Donetska,UA,Kalmius,,Sea of Azov
Prypjat,KyÃ¯vska,UA,Prypjat,,
Kropywnyzkyj,Kirovohradska,UA,Inhul,,
Sievierodonetsk,Luhanska,UA,Donets,,
Lysychansk,Luhanska,UA,Donets,,
MykolaÃ¯v,MykolaÃ¯vska,UA,SouthernBug,,
MykolaÃ¯v,MykolaÃ¯vska,UA,Inhul,,
Odesa,Odeska,UA,,,Black Sea
Poltava,Poltavska,UA,Vorskla,,
Kremenchuk,Poltavska,UA,Dnepr,Kremenchuk Reservoir,
Sumy,Sumska,UA,Psel,,
Vinnytsia,Vinnytska,UA,SouthernBug,,
Lutsk,Volynska,UA,Styr,,
Zaporizhzhia,Zaporizka,UA,Dnepr,,
Berdiansk,Zaporizka,UA,,,Sea of Azov
Zytomyr,Zytomyrska,UA,Teteriv,,
Kerch,Krym,UA,,,Black Sea
Kerch,Krym,UA,,,Sea of Azov
Yevpatoria,Krym,UA,,,Black Sea
KyÃ¯v,KyÃ¯v,UA,Dnepr,,
KyÃ¯v,KyÃ¯v,UA,Desna,,
Sevastopol,Sevastopol,UA,,,Black Sea
Petrozavodsk,Karelia,R,,Ozero Onega,
Syktyvkar,Komi,R,Vychegda,,
Arkhangelsk,Arkhangelskaya,R,Northern Dwina,,White Sea
Severodvinsk,Arkhangelskaya,R,Northern Dwina,,White Sea
Vologda,Vologodskaya,R,Suchona,,
Cherepovets,Vologodskaya,R,,Rybinsk Reservoir,
Murmansk,Murmanskaya,R,,,Barents Sea
Kaliningrad,Kaliningradskaya,R,,,Baltic Sea
Sankt Peterburg,Sankt-Peterburg,R,Newa,,Baltic Sea
Pskov,Pskovskaya,R,,Ozero Pskovskoje,
Bryansk,Bryanskaya,R,Desna,,
Kaluga,Kaluzhskaya,R,Oka,,
Kostroma,Kostromskaya,R,Volga,,
Moskva,Moscow,R,Moskva,,
Å½ukovskij,Moskovskaya,R,Moskva,,
Ramenskoye,Moskovskaya,R,Moskva,,
Kolomna,Moskovskaya,R,Oka,,
Kolomna,Moskovskaya,R,Moskva,,
Serpuchov,Moskovskaya,R,Oka,,
Orel,Orlovskaya,R,Oka,,
Ryazan,Ryazanskaya,R,Oka,,
Smolensk,Smolenskaya,R,Dnepr,,
Tver,Tverskaya,R,Volga,,
Yaroslavl,Yaroslavskaya,R,Volga,,
Rybinsk,Yaroslavskaya,R,Volga,Rybinsk Reservoir,
Cheboksary,Chuvashia,R,Volga,,
NovoÄeboksarsk,Chuvashia,R,Volga,,
Kirov,Kirovskaya,R,Vyatka,,
Nizhnii Novgorod,Nizhnii Novgorodskaya,R,Volga,,
Nizhnii Novgorod,Nizhnii Novgorodskaya,R,Oka,,
DzerÅ¾insk,Nizhnii Novgorodskaya,R,Oka,,
Belgorod,Belgorodskaya,R,Donets,,
Staryj Oskol,Belgorodskaya,R,Oskol,,
Voronezh,Voronezhskaya,R,Don,,
Kursk,Kurskaya,R,Seym,,
Jelec,Lipetskaya,R,Don,,
Kazan,Tatarstan,R,Volga,,
Naberezhnye Tchelny,Tatarstan,R,Kama,Lower Kama Reservoir,
NiÅ¾nekamsk,Tatarstan,R,Kama,,
Astrakhan,Astrakhanskaya,R,Volga,,
Volgograd,Volgogradskaya,R,Volga,,
Volzhsky,Volgogradskaya,R,Volga,,
KamyÅ¡in,Volgogradskaya,R,Volga,,
Samara,Samarskaya,R,Volga,,
Tolyatti,Samarskaya,R,,Kuybyshev Reservoir,
Syzran,Samarskaya,R,Volga,,
NovokujbyÅ¡evsk,Samarskaya,R,Volga,,
Saratov,Saratovskaya,R,Volga,,
Balakovo,Saratovskaya,R,Volga,,
Ä–ngels,Saratovskaya,R,Volga,,
Ulyanovsk,Ulyanovskaya,R,,Kuybyshev Reservoir,
Dimitrovgrad,Ulyanovskaya,R,,Kuybyshev Reservoir,
Rostov-na-Donu,Rostovskaya,R,Don,,
Batajsk,Rostovskaya,R,Don,,
Taganrog,Rostovskaya,R,,,Sea of Azov
Volgodonsk,Rostovskaya,R,Don,,
Ufa,Bashkortostan,R,Belaya,,
Neftekamsk,Bashkortostan,R,Kama,,
Sterlitamak,Bashkortostan,R,Belaya,,
Salavat,Bashkortostan,R,Belaya,,
Sarapul,Udmurtskaya,R,Kama,,
Orenburg,Orenburgskaya,R,Ural,,
Orsk,Orenburgskaya,R,Ural,,
Perm,Permskij,R,Kama,,
Berezniki,Permskij,R,Kama,,
Makhachkala,Dagestan,R,,Caspian Sea,
Derbent,Dagestan,R,,Caspian Sea,
Kaspijsk,Dagestan,R,,Caspian Sea,
ÄŒerkessk,Karachayevo-Cherkesskaya,R,Kuban,,
Vladikavkaz,North Ossetia-Alania,R,Terek,,
Krasnodar,Krasnodarskiy,R,Kuban,,
Sochi,Krasnodarskiy,R,,,Black Sea
Novorossiysk,Krasnodarskiy,R,,,Black Sea
Armavir,Krasnodarskiy,R,Kuban,,
Nevinnomyssk,Stavropolskiy,R,Kuban,,
Kurgan,Kurganskaya,R,Tobol,,
Yekaterinburg,Sverdlovskaya,R,Isset,,
Nizhny Tagil,Sverdlovskaya,R,Tagil,,
Kamensk-Uralskij,Sverdlovskaya,R,Isset,,
Pervouralsk,Sverdlovskaya,R,Chusovaya,,
Chelyabinsk,Chelyabinskaya,R,Miass,,
Magnitogorsk,Chelyabinskaya,R,Ural,,
Miass,Chelyabinskaya,R,Miass,,
Gorno Altaysk,Altay,R,Katun,,
Barnaul,Altayskiy,R,Ob,,
Bijsk,Altayskiy,R,Katun,,
Kemerovo,Kemerovskaya,R,Tom,,
Novokuznetsk,Kemerovskaya,R,Tom,,
Novosibirsk,Novosibirskaya,R,Ob,Novosibirsk Reservoir,
Berdsk,Novosibirskaya,R,,Novosibirsk Reservoir,
Omsk,Omskaya,R,Irtysh,,
Tomsk,Tomskaya,R,Tom,,
Seversk,Tomskaya,R,Tom,,
Tyumen,Tyumenskaya,R,Tura,,
Tobolsk,Tyumenskaya,R,Irtysh,,
Tobolsk,Tyumenskaya,R,Tobol,,
Khanty Mansijsk,Tyumenskaya,R,Ob,,
Surgut,Tyumenskaya,R,Ob,,
Nizhnevartovsk,Tyumenskaya,R,Ob,,
Neftejugansk,Tyumenskaya,R,Ob,,
Salekhard,Tyumenskaya,R,Ob,,
Ulan-Ude,Buryatiya,R,Selenge,,
Kyzyl,Tyva,R,Yenissey,,
Kyzyl,Tyva,R,Little Yenissey,,
Abakan,Khakasiya,R,Yenissey,,
Krasnoyarsk,Krasnoyarsk,R,Yenissey,,
Norilsk,Krasnoyarsk,R,Pyasina,,
AÄinsk,Krasnoyarsk,R,Chulym,,
Irkutsk,Irkutskaya,R,Angara,,
Angarsk,Irkutskaya,R,Angara,,
Bratsk,Irkutskaya,R,Angara,,
Ust-Ilimsk,Irkutskaya,R,Angara,,
Chita,Zabaykalskiy,R,Ingoda,,
Yakutsk,Sakha,R,Lena,,
Anadyr,Chukotka,R,Anadyr,,Bering Sea
Vladivostok,Primorskiy,R,,,Sea of Japan
Nachodka,Primorskiy,R,,,Sea of Japan
Khabarovsk,Khabarovskiy,R,Amur,,
Komsomolsk-na-Amure,Khabarovskiy,R,Amur,,
BlagoveÅ¡Äensk,Amurskaya,R,Amur,,
Petropavlovsk-KamÄatskij,Kamchatka,R,,,Pacific Ocean
Magadan,Magadanskaya,R,,,Sea of Okhotsk
Okhotsk,Magadanskaya,R,,,Sea of Okhotsk
Antwerpen,Antwerpen,B,Schelde,,
Gent,Oost-Vlaanderen,B,Schelde,,
LiÃ¨ge,LiÃ¨ge,B,Maas,,
Namur,Namur,B,Maas,,
Ostende,West-Vlaanderen,B,,,North Sea
Luxembourg,Luxembourg,L,Alzette,,
Arnhem,Gelderland,NL,Rhein,,
Nijmegen,Gelderland,NL,Rhein,,
Den Haag,Zuid-Holland,NL,,,North Sea
Rotterdam,Zuid-Holland,NL,Rhein,,
Dordrecht,Zuid-Holland,NL,Rhein,,
's-Hertogenbosch,Noord-Brabant,NL,Maas,,
Maastricht,Limburg,NL,Maas,,
Ljubljana,Slovenia,SLO,Save,,
Maribor,Slovenia,SLO,Drau,,
Zagreb,Croatia,HR,Save,,
Split,Croatia,HR,,,Mediterranean Sea
Rijeka,Croatia,HR,,,Mediterranean Sea
Osijek,Croatia,HR,Drau,,
Zadar,Croatia,HR,,,Mediterranean Sea
Sarajevo,Federacija Bosne i Hercegovine,BIH,Bosna,,
Zenica,Federacija Bosne i Hercegovine,BIH,Bosna,,
Mostar,Federacija Bosne i Hercegovine,BIH,Neretva,,
BrÄko,BrÄko,BIH,Save,,
Sofia,Bulgaria,BG,Iskar,,
Plovdiv,Bulgaria,BG,Maritsa,,
Varna,Bulgaria,BG,,,Black Sea
Burgas,Bulgaria,BG,,,Black Sea
Ruse,Bulgaria,BG,Donau,,
Alba Iulia,Alba,RO,MureÈ™,,
Arad,Arad,RO,MureÈ™,,
PiteÅŸti,ArgeÅŸ,RO,ArgeÈ™,,
BrÄƒila,BrÄƒila,RO,Donau,,
BucureÅŸti,BucureÅŸti,RO,DÃ¢mboviÈ›a,,
Calarasi,CÄƒlÄƒraÅŸi,RO,Donau,,
Cluj-Napoca,Cluj,RO,Somes,,
ConstanÅ£a,ConstanÅ£a,RO,,,Black Sea
Sfintu Gheorghe,Covasna,RO,Olt,,
Targoviste,DÃ¢mboviÅ£a,RO,IalomiÈ›a,,
Craiova,Dolj,RO,Jiu,,
GalaÅ£i,GalaÅ£i,RO,Donau,,
GalaÅ£i,GalaÅ£i,RO,Siret,,
Giurgiu,Giurgiu,RO,Donau,,
Tirgu Jiu,Gorj,RO,Jiu,,
Miercurea Ciuc,Harghita,RO,Olt,,
Deva,Hunedoara,RO,MureÈ™,,
Slobozia,IalomiÅ£a,RO,IalomiÈ›a,,
Baia Mare,MaramureÅŸ,RO,Somes,,
Drobeta-Turnu Severin,MehedinÅ£i,RO,Donau,,
TÃ¢rgu MureÅŸ,MureÅŸ,RO,MureÈ™,,
Slatina,Olt,RO,Olt,,
Satu Mare,Satu-Mare,RO,Somes,,
TimiÅŸoara,TimiÅŸ,RO,TimiÅŸ,,
Tulcea,Tulcea,RO,Donau,,
Ã…rhus,Midtjylland,DK,,,Kattegat
Randers,Midtjylland,DK,GudenÃ¥,,Kattegat
Vejle,Syddanmark,DK,,,Kattegat
Esbjerg,Syddanmark,DK,,,North Sea
Copenhagen,Hovedstaden,DK,,,Baltic Sea
HelsingÃ¸r,Hovedstaden,DK,,,Kattegat
HelsingÃ¸r,Hovedstaden,DK,,,Baltic Sea
Ronne,Hovedstaden,DK,,,Baltic Sea
Reykjavik,Iceland,IS,,,Atlantic Ocean
Keflavik,Iceland,IS,,,Atlantic Ocean
Akureyri,Iceland,IS,,,Greenland Sea
TÃ³rshavn,Faroe Islands,FO,,,Norwegian Sea
Dublin,Leinster,IRL,,,Irish Sea
Cork,Munster,IRL,,,Atlantic Ocean
Limerick,Munster,IRL,Shannon,,
Galway,Connacht,IRL,,,Atlantic Ocean
Mariehamn,Ã…land,SF,,,Baltic Sea
Lahti,PÃ¤ijÃ¤t-HÃ¤me,SF,,PÃ¤ijÃ¤nne,
Tampere,Pirkanmaa,SF,KokemÃ¤enjoki,,
Lappeenranta,EtelÃ¤-Karjala,SF,,Saimaa,
Kouvola,Kymenlaakso,SF,Kymijoki,,
Rovaniemi,Lappia,SF,Ounasjoki,,
Rovaniemi,Lappia,SF,Kemijoki,,
Mikkeli,EtelÃ¤-Savo,SF,,Saimaa,
JyvÃ¤skylÃ¤,Keski-Suomi,SF,,PÃ¤ijÃ¤nne,
Oulu,Pohjois-Pohjanmaa,SF,Oulujoki,,Baltic Sea
Kajaani,Kainuu,SF,,OulujÃ¤rvi,
Pori,Satakunta,SF,KokemÃ¤enjoki,,
Turku,Varsinais-Suomi,SF,,,Baltic Sea
Helsinki,Uusimaa,SF,,,Baltic Sea
Espoo,Uusimaa,SF,,,Baltic Sea
Vaasa,Pohjanmaa,SF,,,Baltic Sea
Kokkola,Keski-Pohjanmaa,SF,,,Baltic Sea
Oslo,Oslo,N,,,Skagerrak
Sandvika,Akershus,N,,,Skagerrak
Moss,Ã˜stfold,N,,,Skagerrak
Hamar,Hedmark,N,,Mjoesa-See,
Lillehammer,Oppland,N,,Mjoesa-See,
Tonsberg,Vestfold,N,,,Skagerrak
Arendal,Aust-Agder,N,,,Skagerrak
Kristiansand,Vest-Agder,N,,,Skagerrak
Stavanger,Rogaland,N,,,North Sea
Bergen,Hordaland,N,,,North Sea
Hermansverk,Sogn og Fjordane,N,,,North Sea
Molde,MÃ¸re og Romsdal,N,,,Norwegian Sea
Trondheim,SÃ¸r-TrÃ¸ndelag,N,,,Norwegian Sea
Steinkjer,Nord-TrÃ¸ndelag,N,,,Norwegian Sea
Narvik,Nordland,N,,,Norwegian Sea
BodÃ¸,Nordland,N,,,Norwegian Sea
TromsÃ¸,Troms,N,,,Norwegian Sea
Hammerfest,Finnmark,N,,,Barents Sea
VadsÃ¸,Finnmark,N,,,Barents Sea
GÃ¶teborg,VÃ¤stra GÃ¶taland,S,GÃ¶taÃ¤lv,,Kattegat
VÃ¤nersborg,VÃ¤stra GÃ¶taland,S,GÃ¶taÃ¤lv,VÃ¤nern,
Mariestad,VÃ¤stra GÃ¶taland,S,,VÃ¤nern,
Karlskrona,Blekinge,S,,,Baltic Sea
GÃ¤vle,GÃ¤vleborg,S,,,Baltic Sea
Visby,Gotland,S,,,Baltic Sea
Halmstad,Halland,S,,,Kattegat
JÃ¶nkÃ¶ping,JÃ¶nkÃ¶ping,S,,VÃ¤ttern,
Kalmar,Kalmar,S,,,Baltic Sea
MalmÃ¶,SkÃ¥ne,S,,,Baltic Sea
Helsingborg,SkÃ¥ne,S,,,Kattegat
Lulea,Norrbotten,S,,,Baltic Sea
Stockholm,Stockholm,S,,MÃ¤laren,Baltic Sea
Huddinge,Stockholm,S,,MÃ¤laren,
Karlstad,VÃ¤rmland,S,KlarÃ¤lv,VÃ¤nern,
UmeÃ¥,VÃ¤sterbotten,S,UmeÃ¤lv,,
HÃ¤rnÃ¶sand,VÃ¤sternorrland,S,,,Baltic Sea
VÃ¤sterÃ¥s,VÃ¤stmanland,S,,MÃ¤laren,
Monaco,Monaco,MC,,,Mediterranean Sea
Monte Carlo,Monaco,MC,,,Mediterranean Sea
Ceuta,Ceuta,CEU,,,Mediterranean Sea
Melilla,Melilla,MEL,,,Mediterranean Sea
Valletta,Malta,M,,,Mediterranean Sea
Douglas,Isle of Man,GBM,,,Irish Sea
Tiraspol,Moldova,MD,Dnister,,
Coimbra,Coimbra,P,Mondego,,
Faro,Algarve,P,,,Atlantic Ocean
Lisboa,Lisboa,P,Tejo,,Atlantic Ocean
Barreiro,Lisboa,P,Tejo,,
Almada,Lisboa,P,Tejo,,Atlantic Ocean
Oporto,Porto,P,Douro,,Atlantic Ocean
Vila Nova de Gaia,Porto,P,Douro,,Atlantic Ocean
Santarem,Santarem,P,Tejo,,
SetÃºbal,Setubal,P,Sado,,Atlantic Ocean
Viana do Castelo,Viana do Castelo,P,,,Atlantic Ocean
Ponta Delgada,Azores,P,,,Atlantic Ocean
Funchal,Madeira,P,,,Atlantic Ocean
Longyearbyen,Svalbard,SVA,,,Norwegian Sea
Sunderland,North East England,GB,,,North Sea
Blackpool,North West England,GB,,,Irish Sea
Liverpool,North West England,GB,,,Irish Sea
Birkenhead,North West England,GB,,,Irish Sea
Leeds,Yorkshire and the Humber,GB,Aire,,
Bradford,Yorkshire and the Humber,GB,Aire,,
York,Yorkshire and the Humber,GB,Trent,,
Kingston upon Hull,Yorkshire and the Humber,GB,,,North Sea
Nottingham,East Midlands,GB,Trent,,
Stoke-on-Trent,West Midlands,GB,Trent,,
Worcester,West Midlands,GB,Severn,,
Southend-on-Sea,East of England,GB,Thames,,North Sea
London,London,GB,Thames,,
Southampton,South East England,GB,Test,,The Channel
Portsmouth,South East England,GB,,,The Channel
Milton Keynes,South East England,GB,Great Ouse,,
Brighton and Hove,South East England,GB,,,The Channel
Oxford,South East England,GB,Thames,,
Reading,South East England,GB,Thames,,
Eastbourne,South East England,GB,,,The Channel
Worthing,South East England,GB,,,The Channel
Bristol,South West England,GB,Severn,,
Bristol,South West England,GB,Avon,,
Bath,South West England,GB,Avon,,
Plymouth,South West England,GB,,,The Channel
Bournemouth,South West England,GB,,,The Channel
Poole,South West England,GB,,,The Channel
Gloucester,South West England,GB,Severn,,
Swindon,South West England,GB,Thames,,
Edinburgh,Scotland,GB,,,North Sea
Glasgow,Scotland,GB,Clyde,,
Aberdeen,Scotland,GB,,,North Sea
Dundee,Scotland,GB,,,North Sea
Kirkwall,Scotland,GB,,,North Sea
Lerwick,Scotland,GB,,,North Sea
Cardiff,Wales,GB,,,Atlantic Ocean
Swansea,Wales,GB,,,Atlantic Ocean
Newport,Wales,GB,,,Atlantic Ocean
Belfast,Northern Ireland,GB,,,Irish Sea
Gibraltar,Gibraltar,GBZ,,,Mediterranean Sea
Saint Peter Port,Guernsey,GBG,,,The Channel
Saint Helier,Jersey,GBJ,,,The Channel
Yerevan,Armenia,ARM,Hrazdan,,
Tbilisi,Georgia,GE,Kura,,
Kutaisi,Georgia,GE,Rioni,,
Batumi,Georgia,GE,,,Black Sea
Baku,Azerbaijan,AZ,,Caspian Sea,
Sumgayit,Azerbaijan,AZ,,Caspian Sea,
Adana,Adana,TR,Seyhan,,
Antalya,Antalya,TR,,,Mediterranean Sea
BandÄ±rma,BalÄ±kesir,TR,,,Marmara Sea
Canakkale,Ã‡anakkale,TR,,,Mediterranean Sea
Canakkale,Ã‡anakkale,TR,,,Marmara Sea
Diyarbakir,DiyarbakÄ±r,TR,Tigris,,
Edirne,Edirne,TR,Maritsa,,
Edirne,Edirne,TR,Tundzha,,
Erzincan,Erzincan,TR,Karasu,,
Erzurum,Erzurum,TR,Karasu,,
Nizip,Gaziantep,TR,Euphrat,,
Giresun,Giresun,TR,,,Black Sea
Iskenderun,Hatay,TR,,,Mediterranean Sea
Hatay,Hatay,TR,Orontes,,
Mersin,Mersin,TR,,,Mediterranean Sea
Ä°stanbul,Ä°stanbul,TR,,,Black Sea
Ä°stanbul,Ä°stanbul,TR,,,Marmara Sea
Ä°zmir,Ä°zmir,TR,,,Mediterranean Sea
Kirikkale,KÄ±rÄ±kkale,TR,KÄ±zÄ±lÄ±rmak,,
Kocaeli,Kocaeli,TR,,,Marmara Sea
Gebze,Kocaeli,TR,,,Marmara Sea
Derince,Kocaeli,TR,,,Marmara Sea
KÃ¶rfez,Kocaeli,TR,,,Marmara Sea
GÃ¶lcÃ¼k,Kocaeli,TR,,,Marmara Sea
Mus,MuÅŸ,TR,Murat,,
Ordu,Ordu,TR,,,Black Sea
Rize,Rize,TR,,,Black Sea
Sakarya,Sakarya,TR,Sakarya,,
Samsun,Samsun,TR,,,Black Sea
Sinop,Sinop,TR,,,Black Sea
Cizre,ÅžÄ±rnak,TR,Tigris,,
Sivas,Sivas,TR,KÄ±zÄ±lÄ±rmak,,
Tekirdag,TekirdaÄŸ,TR,,,Marmara Sea
Ã‡orlu,TekirdaÄŸ,TR,,,Marmara Sea
Trabzon,Trabzon,TR,,,Black Sea
Van,Van,TR,,Lake Van,
Zonguldak,Zonguldak,TR,,,Black Sea
Karadeniz EreÄŸli,Zonguldak,TR,,,Black Sea
Bartin,BartÄ±n,TR,,,Black Sea
Yalova,Yalova,TR,,,Marmara Sea
BayrÅ«t,Lebanon,RL,,,Mediterranean Sea
Ramallah,West Bank,WB,Nachal Sorek,,
Gaza,Gaza Strip,GAZA,,,Mediterranean Sea
Yerushalayim,Yerushalayim,IL,Nachal Sorek,,
Netanya,HaMerkaz,IL,,,Mediterranean Sea
Haifa,Hefa,IL,Nachal HaKishon,,Mediterranean Sea
Tel Aviv-Yafo,Tel Aviv,IL,,,Mediterranean Sea
Ashdod,HaDarom,IL,,,Mediterranean Sea
Al Ladhiqiyah,Al Ladhiqiyah,SYR,,,Mediterranean Sea
Ar Raqqah,Ar Raqqah,SYR,Euphrat,,
Dayr az Zawr,Dayr az Zawr,SYR,Euphrat,,
Hamah,Hamah,SYR,Orontes,,
Hims,Hims,SYR,Orontes,,
Tartus,Tartus,SYR,,,Mediterranean Sea
Yanbu al-Bahr,Al-Madinah Al-Monawarah,SA,,,Red Sea
Ad-Dammam,Ash Sharqiyah,SA,,,Persian Gulf
Al-Jubail,Ash Sharqiyah,SA,,,Persian Gulf
Jeddah,Makkah Al-Mokarramah,SA,,,Red Sea
Al ManÄmah,Bahrain,BRN,,,Persian Gulf
Doha,Qatar,Q,,,Persian Gulf
Al Rayyan,Qatar,Q,,,Persian Gulf
Abu Dhabi,United Arab Emirates,UAE,,,Persian Gulf
Dubai,United Arab Emirates,UAE,,,Persian Gulf
Al Sharjah,United Arab Emirates,UAE,,,Persian Gulf
Muscat,Oman,OM,,,Gulf of Oman
As Seeb,Oman,OM,,,Gulf of Oman
Salalah,Oman,OM,,,Arabian Sea
Aden,Yemen,YE,,,Gulf of Aden
al Hudaydah,Yemen,YE,,,Red Sea
Al Kuwayt,Kuwait,KWT,,,Persian Gulf
Ar Ramadi,al-Anbar,IRQ,Euphrat,,
Al Hillah,Babylon,IRQ,Euphrat,,
Baghdad,Baghdad,IRQ,Tigris,,
Al Basrah,Basrah,IRQ,Schatt al Arab,,
An Nasiriyah,Thi Qar,IRQ,Euphrat,,
Al Amarah,Maysan,IRQ,Tigris,,
As Samawah,al-Muthanna,IRQ,Euphrat,,
An Najaf,al-Najaf,IRQ,Euphrat,,
Al Mawsil,Nineveh,IRQ,Tigris,,
Diwaniyah,al-Qadisiya,IRQ,Euphrat,,
Samarra,Salah al-Deen,IRQ,Tigris,,
Al Kut,Wasit,IRQ,Tigris,,
Bushehr,Bushehr,IR,,,Persian Gulf
Rasht,Gilan,IR,,Caspian Sea,
Bandar Abbas,Hormozgan,IR,,,Persian Gulf
Ahvaz,Khuzestan,IR,Karun,,
Khorramshahr,Khuzestan,IR,Schatt al Arab,,
Khorramshahr,Khuzestan,IR,Karun,,
Abadan,Khuzestan,IR,Schatt al Arab,,
Kabul,Afghanistan,AFG,Kabul,,
JalÄlÄbÄd,Afghanistan,AFG,Kabul,,
Turkmenabat,Lebap,TM,Amudarja,,
Namangan,Namangan,UZ,Syrdarja,,
Nukus,QoraqalpogÊ»iston,UZ,Amudarja,,
Bochtar,Khatlon,TJ,Vakhsh,,
Khorugh,Gorno-Badakhshan,TJ,Pjandsh,,
Atyrau,Atyrau,KZ,Ural,Caspian Sea,
Oral,West Kazakhstan,KZ,Ural,,
Aktau,Mangistau,KZ,,Caspian Sea,
Pavlodar,Pavlodar,KZ,Irtysh,,
Balkhash,Karaganda,KZ,,Ozero Balchash,
Kustanay,Kostanai,KZ,Tobol,,
Rudniy,Kostanai,KZ,Tobol,,
Kyzylorda,Kyzylorda,KZ,Syrdarja,,
Ã–skemen,East-Kazakhstan,KZ,Irtysh,,
Semei,East-Kazakhstan,KZ,Irtysh,,
Petropavlovsk,North-Kazakhstan,KZ,Ishim,,
Baikonur,Baikonur,KZ,Syrdarja,,
Astana,Astana,KZ,Ishim,,
Ulaanbaatar,Mongolia,MNG,Tuul,,
Male,Maldives,MV,,,Indian Ocean
Muzaffarabad,Azad Jammu and Kashmir,PK,Jhelum,,
Lahore,Punjab,PK,Ravi,,
Multan,Punjab,PK,Chanab,,
Jhelum,Punjab,PK,Jhelum,,
Chiniot,Punjab,PK,Chanab,,
Dera Ghazi Khan,Punjab,PK,Indus,,
Karachi,Sindh,PK,,,Arabian Sea
Hyderabad,Sindh,PK,Indus,,
Sukkur,Sindh,PK,Indus,,
Larkana,Sindh,PK,Indus,,
Visakhapatnam,Andhra Pradesh,IND,,,Gulf of Bengal
Vijayawada,Andhra Pradesh,IND,Krishna,,
Rajahmundry,Andhra Pradesh,IND,Godavari,,
Gauhati,Assam,IND,Brahmaputra,,
Dispur,Assam,IND,Brahmaputra,,
Patna,Bihar,IND,Ganges,,
Panaji,Goa,IND,,,Arabian Sea
Bhavnagar,Gujarat,IND,,,Arabian Sea
Jamnagar,Gujarat,IND,,,Arabian Sea
Bharuch,Gujarat,IND,Narmada,,Arabian Sea
Srinagar,Jammu and Kashmir,IND,Jhelum,,
Trivandrum,Kerala,IND,,,Indian Ocean
Kochi,Kerala,IND,,,Arabian Sea
Kozhikode,Kerala,IND,,,Arabian Sea
Jabalpur,Madhya Pradesh,IND,Narmada,,
Mumbai,Maharashtra,IND,,,Arabian Sea
Navi Mumbai,Maharashtra,IND,,,Arabian Sea
Nashik,Maharashtra,IND,Godavari,,
Cuttack,Odisha,IND,Mahanadi,,
Kota,Rajasthan,IND,Chambal,,
Chennai,Tamil Nadu,IND,,,Gulf of Bengal
Kanpur,Uttar Pradesh,IND,Ganges,,
Varanasi,Uttar Pradesh,IND,Ganges,,
Agra,Uttar Pradesh,IND,Yamuna,,
Allahabad,Uttar Pradesh,IND,Ganges,,
Allahabad,Uttar Pradesh,IND,Yamuna,,
Port Blair,Andaman and Nicobar Islands,IND,,,Gulf of Bengal
Port Blair,Andaman and Nicobar Islands,IND,,,Andaman Sea
Delhi,Delhi,IND,Yamuna,,
Kavaratti,Lakshadweep,IND,,,Arabian Sea
Pondicherry,Puducherry,IND,,,Gulf of Bengal
Bharatpur,Nepal,NEP,Gandaki,,
Thimphu,Bhutan,BHT,Raidak,,
Chittagong,Chittagong,BD,,,Gulf of Bengal
Dhaka,Dhaka,BD,Ganges,,
Rajshahi,Rajshahi,BD,Ganges,,
Pathein,Ayeyarwady,MYA,Irawaddy,,
Magwe,Magwe,MYA,Irawaddy,,
Mandalay,Mandalay,MYA,Irawaddy,,
Sagaing,Sagaing,MYA,Irawaddy,,
Myitkyina,Kachin,MYA,Irawaddy,,
Mawlamyine,Mon,MYA,Saluen,,Andaman Sea
Sittwe,Rakhine,MYA,,,Gulf of Bengal
Sri Jayawardhanapura,Sri Lanka,CL,,,Indian Ocean
Colombo,Sri Lanka,CL,,,Indian Ocean
Huainan,Anhui,CN,Huai,,
Bengbu,Anhui,CN,Huai,,
Wuhu,Anhui,CN,Yangtze,,
Maanshan,Anhui,CN,Yangtze,,
Fuzhou,Fujian,CN,,,East China Sea
Xiamen,Fujian,CN,,,South China Sea
Putian,Fujian,CN,,,South China Sea
Lanzhou,Gansu,CN,Huang He,,
Guangzhou,Guangdong,CN,Pearl River,,
Shantou,Guangdong,CN,,,South China Sea
Jieyang,Guangdong,CN,,,South China Sea
Zhanjiang,Guangdong,CN,,,South China Sea
Shenzhen,Guangdong,CN,Pearl River,,South China Sea
Shaoguan,Guangdong,CN,Bei Jiang,,
Dongguan,Guangdong,CN,Pearl River,,
Dongguan,Guangdong,CN,Dong Jiang,,
Foshan,Guangdong,CN,Xi Jiang,,
Zhongshan,Guangdong,CN,Pearl River,,South China Sea
Jiangmen,Guangdong,CN,Xi Jiang,,
Yangjiang,Guangdong,CN,,,South China Sea
Zhaoqing,Guangdong,CN,Xi Jiang,,
Zhuhai,Guangdong,CN,Pearl River,,South China Sea
Huizhou,Guangdong,CN,Dong Jiang,,
Haikou,Hainan,CN,,,South China Sea
Sanya,Hainan,CN,,,South China Sea
Cangzhou,Hebei,CN,,,Yellow Sea
Qinhuangdao,Hebei,CN,,,Yellow Sea
Harbin,Heilongjiang,CN,Songhua,,
Zhengzhou,Henan,CN,Huang He,,
Luoyang,Henan,CN,Huang He,,
Kaifeng,Henan,CN,Huang He,,
Xinyang,Henan,CN,Huai,,
Wuhan,Hubei,CN,Yangtze,,
Wuhan,Hubei,CN,Han,,
Xiangyang,Hubei,CN,Han,,
Yichang,Hubei,CN,Yangtze,,
Jingzhou,Hubei,CN,Yangtze,,
Changsha,Hunan,CN,Xiang Jiang,,
Hengyang,Hunan,CN,Xiang Jiang,,
Xiangtan,Hunan,CN,Xiang Jiang,,
Zhuzhou,Hunan,CN,Xiang Jiang,,
Yueyang,Hunan,CN,Yangtze,,
Changde,Hunan,CN,Yuan Jiang,,
Nanjing,Jiangsu,CN,Yangtze,,
Wuxi,Jiangsu,CN,,,
Suzhou,Jiangsu,CN,,,
Zhangjiagang,Jiangsu,CN,Yangtze,,
Changzhou,Jiangsu,CN,Yangtze,,
Zhenjiang,Jiangsu,CN,Yangtze,,
Lianyungang,Jiangsu,CN,,,Yellow Sea
Nantong,Jiangsu,CN,Yangtze,,
Rugao,Jiangsu,CN,Yangtze,,
Yangzhou,Jiangsu,CN,Yangtze,,
Huaian,Jiangsu,CN,Huai,,
Nanchang,Jiangxi,CN,Gan Jiang,,
Jiujiang,Jiangxi,CN,Yangtze,,
Ganzhou,Jiangxi,CN,Gan Jiang,,
Jilin,Jilin,CN,Songhua,,
Dalian,Liaoning,CN,,,Yellow Sea
Dandong,Liaoning,CN,Yalu,,Yellow Sea
Panjin,Liaoning,CN,Liao He,,
Xian,Shaanxi,CN,Wei He,,
Xianyang,Shaanxi,CN,Wei He,,
Baoji,Shaanxi,CN,Wei He,,
Jinan,Shandong,CN,Huang He,,
Qingdao,Shandong,CN,,,Yellow Sea
Yantai,Shandong,CN,,,Yellow Sea
Weihai,Shandong,CN,,,Yellow Sea
Luzhou,Sichuan,CN,Yangtze,,
Yibin,Sichuan,CN,Yangtze,,
Qujing,Yunnan,CN,Xi Jiang,,
Hangzhou,Zhejiang,CN,,,East China Sea
Wenzhou,Zhejiang,CN,,,East China Sea
Yueqing,Zhejiang,CN,,,East China Sea
Huzhou,Zhejiang,CN,,,
Zhoushan,Zhejiang,CN,,,East China Sea
Taizhou,Zhejiang,CN,,,East China Sea
Wenling,Zhejiang,CN,,,East China Sea
Guigang,Guangxi,CN,Xi Jiang,,
Baotou,Nei Mongol,CN,Huang He,,
Tongliao,Nei Mongol,CN,Liao He,,
Hailar,Nei Mongol,CN,Argun,,
Yinchuan,Ningxia,CN,Huang He,,
Yining,Xinjiang,CN,Ili,,
Shanghai,Shanghai,CN,,,East China Sea
Chongqing,Chongqing,CN,Yangtze,,
Yongchuan,Chongqing,CN,Yangtze,,
Taipei,Taiwan,RC,Tamsui,,
New Taipei,Taiwan,RC,Tamsui,,East China Sea
Taoyuan,Taiwan,RC,Tamsui,,
Keelung,Taiwan,RC,,,East China Sea
Hsinchu,Taiwan,RC,,,South China Sea
Taichung,Taiwan,RC,,,South China Sea
Changhua,Taiwan,RC,,,South China Sea
Hualien,Taiwan,RC,,,Pacific Ocean
Tainan,Taiwan,RC,,,South China Sea
Pingtung,Taiwan,RC,Gaoping,,
Kaohsiung,Taiwan,RC,Gaoping,,South China Sea
Taitung,Taiwan,RC,,,Pacific Ocean
Kowloon,Hong Kong,HK,,,South China Sea
Victoria,Hong Kong,HK,,,South China Sea
Tuen Mun,Hong Kong,HK,,,South China Sea
Sha Tin,Hong Kong,HK,,,South China Sea
Macao,Macau,MAC,Pearl River,,South China Sea
Taipa-Coloane,Macau,MAC,Pearl River,,South China Sea
Pyongyang,North Korea,KP,Taedong,,
Hamhung-Hungnam,North Korea,KP,,,Sea of Japan
Chongjin,North Korea,KP,,,Sea of Japan
Nampho,North Korea,KP,,,Yellow Sea
Sinuiju,North Korea,KP,Yalu,,Yellow Sea
Wonsan,North Korea,KP,,,Sea of Japan
Haeju,North Korea,KP,,,Yellow Sea
Anju,North Korea,KP,,,Yellow Sea
Kim Chaek,North Korea,KP,,,Sea of Japan
Kusong,North Korea,KP,,,Sea of Japan
Sinpho,North Korea,KP,,,Sea of Japan
Kaesong,North Korea,KP,,,Yellow Sea
Seoul,South Korea,ROK,,,
Busan,South Korea,ROK,,,Sea of Japan
Daegu,South Korea,ROK,,,
Incheon,South Korea,ROK,,,Yellow Sea
Sejong,South Korea,ROK,,,
Ulsan,South Korea,ROK,,,Sea of Japan
Changwon,South Korea,ROK,,,East China Sea
Mokpo,South Korea,ROK,,,Yellow Sea
Jeju,South Korea,ROK,,,Yellow Sea
Gunsan,South Korea,ROK,,,Yellow Sea
Chuncheon,South Korea,ROK,,,
Yeosu,South Korea,ROK,,,East China Sea
Ansan,South Korea,ROK,,,Yellow Sea
Sapporo,Hokkaido,J,Ishikari,,
Asahikawa,Hokkaido,J,Ishikari,,
Hakodate,Hokkaido,J,,,Pacific Ocean
Hakodate,Hokkaido,J,,,Sea of Japan
Kushiro,Hokkaido,J,Kushiro,,Pacific Ocean
Aomori,Aomori,J,,,Sea of Japan
Morioka,Iwate,J,Kitakami,,
Sendai,Miyagi,J,,,Pacific Ocean
Akita,Akita,J,,,Sea of Japan
Maebashi,Gumma,J,Tone,,
Chiba,Chiba,J,,,Pacific Ocean
Funabashi,Chiba,J,,,Pacific Ocean
Ichikawa,Chiba,J,,,Pacific Ocean
Tokyo,Tokyo,J,,,Pacific Ocean
Yokohama,Kanagawa,J,,,Pacific Ocean
Kawasaki,Kanagawa,J,,,Pacific Ocean
Yokosuka,Kanagawa,J,,,Pacific Ocean
Fujisawa,Kanagawa,J,,,Pacific Ocean
Niigata,Niigata,J,Shinano,,Sea of Japan
Toyama,Toyama,J,,,Sea of Japan
Kanazawa,Ishikawa,J,,,Sea of Japan
Fukui,Fukui,J,,,Sea of Japan
Nagano,Nagano,J,Shinano,,
Shizuoka,Shizuoka,J,,,Pacific Ocean
Hamamatsu,Shizuoka,J,,,Pacific Ocean
Nagoya,Aichi,J,,,Pacific Ocean
Tsu,Mie,J,,,Pacific Ocean
Otsu,Shiga,J,,Lake Biwa,
Kyoto,Kyoto,J,,,
Osaka,Osaka,J,,,Seto Inland Sea
Sakai,Osaka,J,,,Seto Inland Sea
Hirakata,Osaka,J,,,
Kobe,Hyogo,J,,,Seto Inland Sea
Himeji,Hyogo,J,,,Seto Inland Sea
Nishinomiya,Hyogo,J,,,Seto Inland Sea
Wakayama,Wakayama,J,,,Seto Inland Sea
Tottori,Tottori,J,,,Sea of Japan
Matsue,Shimane,J,,,Sea of Japan
Okayama,Okayama,J,,,Seto Inland Sea
Kurashiki,Okayama,J,,,Seto Inland Sea
Hiroshima,Hiroshima,J,,,Seto Inland Sea
Fukuyama,Hiroshima,J,,,Seto Inland Sea
Tokushima,Tokushima,J,,,Seto Inland Sea
Takamatsu,Kagawa,J,,,Seto Inland Sea
Matsuyama,Ehime,J,,,Seto Inland Sea
Kochi,Kochi,J,,,Pacific Ocean
Fukuoka,Fukuoka,J,,,Sea of Japan
Kitakyushu,Fukuoka,J,,,Sea of Japan
Nagasaki,Nagasaki,J,,,East China Sea
Oita,Oita,J,,,Seto Inland Sea
Miyazaki,Miyazaki,J,,,Pacific Ocean
Kagoshima,Kagoshima,J,,,East China Sea
Naha,Okinawa,J,,,Pacific Ocean
Naha,Okinawa,J,,,East China Sea
San Fernando,Central Luzon,RP,,,South China Sea
Malolos,Central Luzon,RP,,,South China Sea
Taytay,Calabarzon,RP,,Laguna de Bay,
Binangonan,Calabarzon,RP,,Laguna de Bay,
Bacoor,Calabarzon,RP,,,South China Sea
San Pedro,Calabarzon,RP,,Laguna de Bay,
BiÃ±an,Calabarzon,RP,,Laguna de Bay,
Santa Rosa,Calabarzon,RP,,Laguna de Bay,
Cabuyao,Calabarzon,RP,,Laguna de Bay,
Calamba,Calabarzon,RP,,Laguna de Bay,
Lipa,Calabarzon,RP,,Lake Taal,
Batangas,Calabarzon,RP,,,South China Sea
Lucena,Calabarzon,RP,,,Sulu Sea
Legazpi,Bicol,RP,,,Pacific Ocean
Iloilo,Western Visayas,RP,,,Sulu Sea
Roxas,Western Visayas,RP,,,Sulu Sea
Bacolod,Western Visayas,RP,,,Sulu Sea
Cebu,Central Visayas,RP,,,Sulu Sea
Lapu-Lapu,Central Visayas,RP,,,Sulu Sea
Mandaue,Central Visayas,RP,,,Sulu Sea
Toledo,Central Visayas,RP,,,Sulu Sea
Tagbilaran,Central Visayas,RP,,,Sulu Sea
Tacloban,Eastern Visayas,RP,,,Pacific Ocean
Pagadian,Zamboanga Peninsula,RP,,,Sulawesi Sea
Zamboanga,Zamboanga Peninsula,RP,,,Sulawesi Sea
Zamboanga,Zamboanga Peninsula,RP,,,Sulu Sea
Cagayan De Oro,Northern Mindanao,RP,,,Sulu Sea
Iligan,Northern Mindanao,RP,,,Sulu Sea
Davao,Davao,RP,,,Pacific Ocean
Tagum,Davao,RP,,,Pacific Ocean
General Santos,Soccsksargen,RP,,,Sulawesi Sea
Manila,Metro Manila,RP,,,South China Sea
Mandaluyong,Metro Manila,RP,,,
Pasig,Metro Manila,RP,,,
Makati,Metro Manila,RP,,,
Pasay,Metro Manila,RP,,,South China Sea
Taguig,Metro Manila,RP,,Laguna de Bay,
ParaÃ±aque,Metro Manila,RP,,,South China Sea
Las PiÃ±as,Metro Manila,RP,,,South China Sea
Muntinlupa,Metro Manila,RP,,Laguna de Bay,
Cotabato,Muslim Mindanao,RP,,,Sulawesi Sea
Marawi,Muslim Mindanao,RP,Agus River,,
Jolo,Muslim Mindanao,RP,,,Sulu Sea
Butuan,Caraga,RP,,,Sulu Sea
Calapan,Mimaropa,RP,,,South China Sea
Puerto Princesa,Mimaropa,RP,,,Sulu Sea
Ha Long,Northern Midlands and Mountains,VN,,,South China Sea
Cam Pha,Northern Midlands and Mountains,VN,,,South China Sea
Hanoi,Red River Delta,VN,Hong He,,
Haiphong,Red River Delta,VN,,,South China Sea
Nam Dinh,Red River Delta,VN,Hong He,,
Vinh,North and South Central Coast,VN,,,South China Sea
Da Nang,North and South Central Coast,VN,,,South China Sea
Hue,North and South Central Coast,VN,,,South China Sea
Nha Trang,North and South Central Coast,VN,,,South China Sea
Qui Nhon,North and South Central Coast,VN,,,South China Sea
Vung Tau,Southeast,VN,,,South China Sea
Can Tho,Mekong River Delta,VN,Mekong,,
Long Xuyen,Mekong River Delta,VN,Mekong,,
Rach Gia,Mekong River Delta,VN,,,Gulf of Thailand
Phnom Penh,Cambodia,K,Mekong,,
Phnom Penh,Cambodia,K,Tonle Sap River,,
Vientiane,Laos,LAO,Mekong,,
Chiang Mai,Thailand,THA,Mae Nam Ping,,
Nakhon Sawan,Thailand,THA,Mae Nam Chao Phraya,,
Nakhon Sawan,Thailand,THA,Mae Nam Ping,,
Nakhon Sawan,Thailand,THA,Mae Nam Nan,,
Bangkok,Thailand,THA,Mae Nam Chao Phraya,,Gulf of Thailand
Nonthaburi,Thailand,THA,Mae Nam Chao Phraya,,
Nakhon Si Thammarat,Thailand,THA,,,Gulf of Thailand
Songkhla,Thailand,THA,,Songkhla Lake,Gulf of Thailand
Samut Prakan,Thailand,THA,Mae Nam Chao Phraya,,Gulf of Thailand
Chon Buri,Thailand,THA,,,Gulf of Thailand
Phuket,Thailand,THA,,,Andaman Sea
Kota Bahru,Kelantan,MAL,,,South China Sea
Kota Bahru,Kelantan,MAL,,,Gulf of Thailand
Melaka,Melaka,MAL,,,Malakka Strait
Kuantan,Pahang,MAL,,,South China Sea
Georgetown,Pulau Pinang,MAL,,,Malakka Strait
Kota Kinabalu,Sabah,MAL,,,South China Sea
Tawau,Sabah,MAL,,,Sulawesi Sea
Sandakan,Sabah,MAL,,,Sulu Sea
Kuching Utara,Sarawak,MAL,,,South China Sea
Sibu,Sarawak,MAL,,,
Kuala Terengganu,Terengganu,MAL,,,South China Sea
Labuan,Labuan,MAL,,,South China Sea
Bandar Seri Begawan,Brunei,BRU,,,South China Sea
Singapore,Singapore,SGP,,,South China Sea
Singapore,Singapore,SGP,,,Malakka Strait
Banda Aceh,Aceh,RI,,,Indian Ocean
Banda Aceh,Aceh,RI,,,Andaman Sea
Medan,Sumatera Utara,RI,,,Malakka Strait
Pematang Siantar,Sumatera Utara,RI,Asahan,,
Padang,Sumatera Barat,RI,,,Indian Ocean
Dumai,Riau,RI,,,Malakka Strait
Jambi,Jambi,RI,,,
Bengkulu,Bengkulu,RI,,,Indian Ocean
Bandar Lampung,Lampung,RI,,,Indian Ocean
Pangkal Pinang,Kepulauan Bangka Belitung,RI,,,South China Sea
Tanjung Pinang,Kepulauan Riau,RI,,,South China Sea
Batam,Kepulauan Riau,RI,,,South China Sea
Jakarta,DKI Jakarta,RI,,,Java Sea
Semarang,Jawa Tengah,RI,,,Java Sea
Surakarta,Jawa Tengah,RI,,,
Pekalongan,Jawa Tengah,RI,,,Java Sea
Tegal,Jawa Tengah,RI,,,Java Sea
Surabaya,Jawa Timur,RI,,,Java Sea
Probolinggo,Jawa Timur,RI,,,Java Sea
Cilegon,Banten,RI,,,Java Sea
Denpasar,Bali,RI,,,Indian Ocean
Mataram,Nusa Tenggara Barat,RI,,,Java Sea
Kupang,Nusa Tenggara Timur,RI,,,Savu Sea
Pontianak,Kalimantan Barat,RI,,,South China Sea
Bandjarmasin,Kalimantan Selatan,RI,,,Java Sea
Samarinda,Kalimantan Timur,RI,,,Java Sea
Balikpapan,Kalimantan Timur,RI,,,Java Sea
Tarakan,Kalimantan Utara,RI,,,Sulawesi Sea
Manado,Sulawesi Utara,RI,,,Sulawesi Sea
Palu,Sulawesi Tengah,RI,,,Sulawesi Sea
Makassar,Sulawesi Selatan,RI,,,Java Sea
Kendari,Sulawesi Tenggara,RI,,,Banda Sea
Gorontalo,Gorontalo,RI,,,Banda Sea
Mamuju,Sulawesi Barat,RI,,,Java Sea
Ambon,Maluku,RI,,,Banda Sea
Ternate,Maluku Utara,RI,,,Banda Sea
Manokwari,Papua Barat,RI,,,Pacific Ocean
Jayapura,Papua,RI,,,Pacific Ocean
Merauke,Papua,RI,,,Arafura Sea
Dili,Timor-Leste,TL,,,Banda Sea
Lae,North,PNG,,,Solomon Sea
Port Moresby,South,PNG,,,Coral Sea
Buka,Bougainville,PNG,,,Pacific Ocean
Buka,Bougainville,PNG,,,Solomon Sea
Honiara,Solomon Islands,SOL,,,Solomon Sea
Port Vila,Vanuatu,VU,,,Pacific Ocean
Noumea,New Caledonia,NCL,,,Tasman Sea
Newcastle,New South Wales,AUS,,,Tasman Sea
Sydney,New South Wales,AUS,,,Tasman Sea
Wollongong,New South Wales,AUS,,,Tasman Sea
Darwin,Northern Territory,AUS,,,Timor Sea
Brisbane,Queensland,AUS,,,Tasman Sea
Gold Coast,Queensland,AUS,,,Tasman Sea
Townsville,Queensland,AUS,,,Coral Sea
Toowoomba,Queensland,AUS,,,Coral Sea
Sunshine Coast,Queensland,AUS,,,Tasman Sea
Cairns,Queensland,AUS,,,Coral Sea
Adelaide,South Australia,AUS,,,Indian Ocean
Hobart,Tasmania,AUS,,,Tasman Sea
Melbourne,Victoria,AUS,,,Indian Ocean
Geelong,Victoria,AUS,,,Indian Ocean
Perth,Western Australia,AUS,,,Indian Ocean
Canberra,Australia Capital Territory,AUS,Murrumbidgee River,Lake Burley Griffin,
Canberra,Australia Capital Territory,AUS,Molonglo River,,
Flying Fish Cove,Christmas Island,CX,,,Indian Ocean
West Island,Cocos Islands,CC,,,Indian Ocean
Kingston,Norfolk Island,NF,,,Tasman Sea
Wellington,New Zealand,NZ,,,Pacific Ocean
Auckland,New Zealand,NZ,,,Pacific Ocean
Auckland,New Zealand,NZ,,,Tasman Sea
Hamilton,New Zealand,NZ,Waikato River,,
Christchurch,New Zealand,NZ,,,Pacific Ocean
Dunedin,New Zealand,NZ,,,Pacific Ocean
Koror,Palau,PAL,,,Pacific Ocean
Ngerulmud,Palau,PAL,,,Pacific Ocean
Saipan,Northern Mariana Islands,MP,,,Pacific Ocean
HagÃ¥tÃ±a,Guam,GU,,,Pacific Ocean
Palikir,Micronesia,FSM,,,Pacific Ocean
Majuro,Marshall Islands,MH,,,Pacific Ocean
Yaren,Nauru,NAU,,,Pacific Ocean
Tarawa,Kiribati,KIR,,,Pacific Ocean
Funafuti,Tuvalu,TUV,,,Pacific Ocean
Fakaofo,Tokelau,TOK,,,Pacific Ocean
Apia,Samoa,WS,,,Pacific Ocean
Pago Pago,American Samoa,AS,,,Pacific Ocean
Mata-Utu,Wallis and Futuna,WF,,,Pacific Ocean
Suva,Fiji,FJI,,,Pacific Ocean
Nukualofa,Tonga,TO,,,Pacific Ocean
Alofi,Niue,NU,,,Pacific Ocean
Avarua,Cook Islands,CK,,,Pacific Ocean
Papeete,French Polynesia,PF,,,Pacific Ocean
Rikitea,French Polynesia,PF,,,Pacific Ocean
Adamstown,Pitcairn,PN,,,Pacific Ocean
Al Qahirah,Egypt,ET,Nile,,
Al-QÄhirah al-JadÄ«dah,Egypt,ET,Nile,,
Al Iskandariyah,Egypt,ET,,,Mediterranean Sea
Al Jizah,Egypt,ET,Nile,,
Bur Said,Egypt,ET,,,Mediterranean Sea
Al Minya,Egypt,ET,Nile,,
As Suways,Egypt,ET,,,Red Sea
Hurghada,Egypt,ET,,,Red Sea
Marsa Matruh,Egypt,ET,,,Mediterranean Sea
Shubra al Khimah,Egypt,ET,Nile,,
Aswan,Egypt,ET,Nile,,
Asyut,Egypt,ET,Nile,,
Bani Suwayf,Egypt,ET,Nile,,
Qina,Egypt,ET,Nile,,
Al Uqsur,Egypt,ET,Nile,,
Sawhaj,Egypt,ET,Nile,,
Al-Arish,Egypt,ET,,,Mediterranean Sea
Dumyat,Egypt,ET,,,Mediterranean Sea
Tripoli,Libya,LAR,,,Mediterranean Sea
Benghazi,Libya,LAR,,,Mediterranean Sea
Misratah,Libya,LAR,,,Mediterranean Sea
Tunis,Tunisia,TN,,,Mediterranean Sea
Sfax,Tunisia,TN,,,Mediterranean Sea
Sousse,Tunisia,TN,,,Mediterranean Sea
Banzart,Tunisia,TN,,,Mediterranean Sea
Algiers,Algeria,DZ,,,Mediterranean Sea
Annaba,Algeria,DZ,,,Mediterranean Sea
Skikda,Algeria,DZ,,,Mediterranean Sea
Oran,Algeria,DZ,,,Mediterranean Sea
Constantine,Algeria,DZ,Rhumel,,
BejaÃ¯a,Algeria,DZ,,,Mediterranean Sea
Mostaganem,Algeria,DZ,Chelif,,Mediterranean Sea
Ech Chelif,Algeria,DZ,Chelif,,
Agadir,Souss Massa Daraa,MA,,,Atlantic Ocean
KÃ©nitra,Gharb Chrarda Beni Hssen,MA,,,Atlantic Ocean
Nador,Oriental,MA,,,Mediterranean Sea
Casablanca,Grand Casablanca,MA,,,Atlantic Ocean
Mohammedia,Grand Casablanca,MA,,,Atlantic Ocean
Rabat,Rabat Sale Zemmour Zaer,MA,,,Atlantic Ocean
SalÃ©,Rabat Sale Zemmour Zaer,MA,,,Atlantic Ocean
Temara,Rabat Sale Zemmour Zaer,MA,,,Atlantic Ocean
Safi,Doukala Abda,MA,,,Atlantic Ocean
FÃ¨s,Fes Boulemane,MA,,,
Al Hoceima,Taza Al Hoceima Taounate,MA,,,Mediterranean Sea
Tanger,Tanger Tetouan,MA,,,Atlantic Ocean
Bamako,Bamako,RMM,Niger,,
Gao,Gao,RMM,Niger,,
Kayes,Kayes,RMM,Senegal,,
Koulikoro,Koulikoro,RMM,Niger,,
Mopti,Mopti,RMM,Niger,,
Mopti,Mopti,RMM,Bani,,
SÃ©gou,SÃ©gou,RMM,Niger,,
Tombouctou,Tombouctou,RMM,Niger,,
Nouadhibou,Dakhlet Nouadhibou,RIM,,,Atlantic Ocean
Kaedi,Gorgol,RIM,Senegal,,
Nouakchott,Nouakchott,RIM,,,Atlantic Ocean
Rosso,Trarza,RIM,Senegal,,
Dakar,Dakar,SN,,,Atlantic Ocean
Rufisque,Dakar,SN,,,Atlantic Ocean
Saint-Louis,Saint-Louis,SN,Senegal,,
Banjul,Gambia,WAG,Gambia,,Atlantic Ocean
Serekunda,Gambia,WAG,Gambia,,Atlantic Ocean
Bissau,Guinea-Bissau,GUB,Rio Corubal,,Atlantic Ocean
Conakry,Guinea,RG,,,Atlantic Ocean
Freetown,Sierra Leone,SLE,,,Atlantic Ocean
Kenema,Sierra Leone,SLE,,,
Monrovia,Liberia,LB,,,Atlantic Ocean
Abidjan,Abidjan,CI,,,Atlantic Ocean
San-Pedro,Bas-Sassandra,CI,,,Atlantic Ocean
Cape Coast,Central,GH,,,Atlantic Ocean
Accra,Greater Accra,GH,,,Atlantic Ocean
Tema,Greater Accra,GH,,,Atlantic Ocean
Ashiaman,Greater Accra,GH,,,Atlantic Ocean
Dambai,Oti,GH,,,
Takoradi,Western,GH,,,Atlantic Ocean
LomÃ©,Togo,RT,,,Atlantic Ocean
Porto-Novo,Benin,BEN,,,Atlantic Ocean
Cotonou,Benin,BEN,,,Atlantic Ocean
Godomey,Benin,BEN,,,Atlantic Ocean
Yola,Adamawa,NGR,Benue,,
Onitsha,Anambra,NGR,Niger,,
Yenagoa,Bayelsa,NGR,Niger,,
Makurdi,Benue,NGR,Benue,,
Calabar,Cross River,NGR,,,Atlantic Ocean
Asaba,Delta,NGR,Niger,,
Warri,Delta,NGR,,,Atlantic Ocean
Kaduna,Kaduna,NGR,Kaduna,,
Kano,Kano,NGR,Hadejia,,
Birnin Kebbi,Kebbi,NGR,Sokoto,,
Lokoja,Kogi,NGR,Niger,,
Lokoja,Kogi,NGR,Benue,,
Lagos,Lagos,NGR,,,Atlantic Ocean
Ikorodu,Lagos,NGR,,,Atlantic Ocean
Jos,Plateau,NGR,Kaduna,,
Jos,Plateau,NGR,Jamaare,,
Port Harcourt,Rivers,NGR,,,Atlantic Ocean
Sokoto,Sokoto,NGR,Sokoto,,
Gusau,Zamfara,NGR,Sokoto,,
Diffa,Diffa,RN,Yobe,,
Niamey,Niamey,RN,Niger,,
Tillaberi,TillabÃ©ri,RN,Niger,,
N'Djamena,Chad,TCH,Logone,,
N'Djamena,Chad,TCH,Schari,,
Moundou,Chad,TCH,Logone,,
Port Sudan,Al-Baá¸¥r al-Aá¸¥mar,SUD,,,Red Sea
Al Gazira,Al-JazÄ«rah,SUD,Blue Nile,,
Khartoum,Al-Khará¹­Å«m,SUD,Nile,,
Khartoum,Al-Khará¹­Å«m,SUD,Blue Nile,,
Omdurman,Al-Khará¹­Å«m,SUD,Nile,,
Omdurman,Al-Khará¹­Å«m,SUD,Blue Nile,,
Omdurman,Al-Khará¹­Å«m,SUD,White Nile,,
Khartoum North,Al-Khará¹­Å«m,SUD,Nile,,
Rabak,An-NÄ«l al-Abyaá¸,SUD,White Nile,,
KÅ«stÄ«,An-NÄ«l al-Abyaá¸,SUD,White Nile,,
Ad-DamazÄ«n,An-NÄ«l al-Azraq,SUD,Blue Nile,,
DunqulÄ,Ash-ShamÄlÄ«yah,SUD,Nile,,
Kassala,KassalÄ,SUD,Mareb,,
Ad-DÄmir,Nahr an-NÄ«l,SUD,Nile,,
Atbara,Nahr an-NÄ«l,SUD,Nile,,
Atbara,Nahr an-NÄ«l,SUD,Atbara,,
SannÄr,SannÄr,SUD,Blue Nile,,
Juba,South Sudan,SSD,Bahr el-Djebel/Albert Nil,,
Bangui,Central African Republic,RCA,Ubangi,,
Bimbo,Central African Republic,RCA,Ubangi,,
NgaoundÃ©rÃ©,Adamaoua,CAM,Logone,,
Douala,Littoral,CAM,,,Atlantic Ocean
Garoua,Nord,CAM,Benue,,
Malabo,Insular,GQ,,,Atlantic Ocean
Bata,Continental,GQ,,,Atlantic Ocean
Libreville,Gabon,G,Komo,,Atlantic Ocean
Port-Gentil,Gabon,G,OgoouÃ©,,Atlantic Ocean
Franceville,Gabon,G,OgoouÃ©,,
Ouesso,Sangha,RCB,Sanga,,
Impfondo,Likouala,RCB,Ubangi,,
Brazzaville,Brazzaville,RCB,Congo,Malebo Pool,
Pointe-Noire,Pointe-Noire,RCB,,,Atlantic Ocean
Kinshasa,Kinshasa,CGO,Congo,Malebo Pool,
Matadi,Kongo Central,CGO,Congo,,
Boma,Kongo Central,CGO,Congo,,
Bandundu,Kwilu,CGO,Kasai,,
Bandundu,Kwilu,CGO,Cuango,,
Bandundu,Kwilu,CGO,Cuilo,,
Kikwit,Kwilu,CGO,Cuilo,,
Inongo,Mai-Ndombe,CGO,,Lake Mai Ndombe,
Luebo,Kasai,CGO,Lulua,,
Tshikapa,Kasai,CGO,Kasai,,
Kananga,Kasai-Central,CGO,Lulua,,
Lodja,Sankuru,CGO,Lukenie,,
Kindu,Maniema,CGO,Lualaba,,
Bukavu,Sud-Kivu,CGO,,Lake Kivu,
Uvira,Sud-Kivu,CGO,,Lake Tanganjika,
Goma,Nord-Kivu,CGO,,Lake Kivu,
Kisangani,Tshopo,CGO,Congo,,
Kisangani,Tshopo,CGO,Lualaba,,
Gbadolite,Nord-Ubangi,CGO,Ubangi,,
Lisala,Mongala,CGO,Congo,,
Mbandaka,Ã‰quateur,CGO,Congo,,
Mbandaka,Ã‰quateur,CGO,Tshuapa,,
Boende,Tshuapa,CGO,,,
Kalemi,Tanganyika,CGO,Lukuga,Lake Tanganjika,
Kamina,Haut-Lomami,CGO,,,
Cabinda,Cabinda,ANG,,,Atlantic Ocean
Luanda,Luanda,ANG,,,Atlantic Ocean
Sumbe,Cuanza Sul,ANG,,,Atlantic Ocean
Benguela,Benguela,ANG,,,Atlantic Ocean
Lobito,Benguela,ANG,,,Atlantic Ocean
MoÃ§Ã¢medes,Namibe,ANG,,,Atlantic Ocean
Rundu,Namibia,NAM,Okavango,,
Walvis Bay,Namibia,NAM,,,Atlantic Ocean
Nelson Mandela Bay,Eastern Cape,RSA,,,Indian Ocean
Buffalo City,Eastern Cape,RSA,,,Indian Ocean
eThekwini,KwaZulu-Natal,RSA,,,Indian Ocean
Cape Town,Western Cape,RSA,,,Atlantic Ocean
Pemba,Cabo Delgado,MOC,,,Indian Ocean
Xai-Xai,Gaza,MOC,Limpopo,,Indian Ocean
Inhambane,Inhambane,MOC,,,Indian Ocean
Beira,Sofala,MOC,,,Indian Ocean
Tete,Tete,MOC,Zambezi,,
Quelimane,ZambÃ©zia,MOC,,,Indian Ocean
Maputo,Cidade de Maputo,MOC,,,Indian Ocean
Kitwe,Copperbelt,Z,Kafue,,
Chingola,Copperbelt,Z,Kafue,,
Livingstone,Southern,Z,Zambezi,,
Tanga,Tanga,EAT,,,Indian Ocean
Dar es Salaam,Dar es Salaam,EAT,,,Indian Ocean
Lindi,Lindi,EAT,,,Indian Ocean
Mtwara,Mtwara,EAT,,,Indian Ocean
Kigoma-Ujiji,Kigoma,EAT,,Lake Tanganjika,
Bukoba,Kagera,EAT,,Lake Victoria,
Mwanza,Mwanza,EAT,,Lake Victoria,
Musoma,Mara,EAT,Mara,Lake Victoria,
Zanzibar,Zanzibar,EAT,,,Indian Ocean
Njombe,Njombe,EAT,Rufiji,,
Bujumbura,Burundi,BI,,Lake Tanganjika,
Gitega,Burundi,BI,Luvironza,,
Gisenyi,Rwanda,RWA,,Lake Kivu,
Kampala,Central,EAU,,Lake Victoria,
Mukono,Central,EAU,,Lake Victoria,
Jinja,Eastern,EAU,Victoria Nile,Lake Victoria,
Mombasa,Kenya,EAK,,,Indian Ocean
Malindi,Kenya,EAK,,,Indian Ocean
Kisumu,Kenya,EAK,,Lake Victoria,
Mogadishu,Somalia,SO,,,Indian Ocean
Kismayo,Somalia,SO,Jubba,,Indian Ocean
Berbera,Somalia,SO,,,Gulf of Aden
Djibouti,Djibouti,DJI,,,Gulf of Aden
Gambella,Gambella,ETH,Baro,,
Arba Minch,Southern,ETH,,,
Asmara,Eritrea,ER,Mareb,,
Massaua,Eritrea,ER,,,Red Sea
Praia,Cape Verde,CV,,,Atlantic Ocean
SÃ£o TomÃ©,Sao Tome and Principe,STP,,,Atlantic Ocean
Victoria,Seychelles,SY,,,Indian Ocean
Moroni,Comoros,COM,,,Indian Ocean
Mamoutzou,Mayotte,MYT,,,Indian Ocean
Fianarantsoa,Madagascar,RM,Mangoky,,
Majunga,Madagascar,RM,,,Indian Ocean
Tamatave,Madagascar,RM,,,Indian Ocean
Toliara,Madagascar,RM,,,Indian Ocean
Port Louis,Mauritius,MS,,,Indian Ocean
Saint-Denis,Reunion,RE,,,Indian Ocean
Saint-Paul,Reunion,RE,,,Indian Ocean
Jamestown,Saint Helena,HELX,,,Atlantic Ocean
Nuuk,Greenland,GL,,,Labrador Sea
Saint-Pierre,Saint Pierre and Miquelon,SPM,,,Atlantic Ocean
Hamilton,Bermuda,BM,,,Atlantic Ocean
Edmonton,Alberta,CDN,North Saskatchewan River,,
Calgary,Alberta,CDN,South Saskatchewan River,,
Vancouver,British Columbia,CDN,,,Pacific Ocean
Victoria,British Columbia,CDN,,,Pacific Ocean
Saanich,British Columbia,CDN,,,Pacific Ocean
Winnipeg,Manitoba,CDN,Red River of the North,,
St. John's,Newfoundland and Labrador,CDN,,,Atlantic Ocean
Yellowknife,Northwest Territories,CDN,,Great Slave Lake,
Halifax,Nova Scotia,CDN,,,Atlantic Ocean
Ottawa,Ontario,CDN,Ottawa River,,
Gatineau,Ontario,CDN,Ottawa River,,
Hamilton,Ontario,CDN,,Lake Ontario,
Toronto,Ontario,CDN,,Lake Ontario,
Windsor,Ontario,CDN,Detroit River,,
Oshawa,Ontario,CDN,,Lake Ontario,
Mississauga,Ontario,CDN,,Lake Ontario,
Burlington,Ontario,CDN,,Lake Ontario,
Saint Catharines,Ontario,CDN,,Lake Ontario,
Thunder Bay,Ontario,CDN,,Lake Superior,
Charlottetown,Prince Edward Island,CDN,,,Atlantic Ocean
Laval,Quebec,CDN,Saint Lawrence River,,
MontrÃ©al,Quebec,CDN,Saint Lawrence River,,
Quebec,Quebec,CDN,Saint Lawrence River,,
Longueuil,Quebec,CDN,Saint Lawrence River,,
Saskatoon,Saskatchewan,CDN,South Saskatchewan River,,
Whitehorse,Yukon,CDN,Yukon River,,
Iqaluit,Nunavut,CDN,,,Labrador Sea
Mobile,Alabama,USA,,,Gulf of Mexico
Huntsville,Alabama,USA,Tennessee River,,
Anchorage,Alaska,USA,,,Pacific Ocean
Juneau,Alaska,USA,,,Pacific Ocean
Phoenix,Arizona,USA,Gila River,,
Little Rock,Arkansas,USA,Arkansas,,
Los Angeles,California,USA,,,Pacific Ocean
San Diego,California,USA,,,Pacific Ocean
San Francisco,California,USA,,,Pacific Ocean
San Francisco,California,USA,,,San Francisco Bay
Long Beach,California,USA,,,Pacific Ocean
Fresno,California,USA,San Joaquin River,,
Sacramento,California,USA,Sacramento River,,
Oakland,California,USA,,,
Stockton,California,USA,San Joaquin River,,
Huntington Beach,California,USA,,,Pacific Ocean
Fremont,California,USA,,,
Oxnard,California,USA,,,Pacific Ocean
Oceanside,California,USA,,,Pacific Ocean
Hayward,California,USA,,,
Vallejo,California,USA,,,
Richmond,California,USA,,,
Denver,Colorado,USA,South Platte River,,
Bridgeport,Connecticut,USA,,,Atlantic Ocean
Hartford,Connecticut,USA,Connecticut River,,
New Haven,Connecticut,USA,,,Atlantic Ocean
Stamford,Connecticut,USA,,,Atlantic Ocean
Jacksonville,Florida,USA,,,Atlantic Ocean
Miami,Florida,USA,,,Atlantic Ocean
Tampa,Florida,USA,,,Gulf of Mexico
St. Petersburg,Florida,USA,,,Gulf of Mexico
Fort Lauderdale,Florida,USA,,,Atlantic Ocean
Hollywood,Florida,USA,,,Atlantic Ocean
Cape Coral,Florida,USA,,,Gulf of Mexico
Clearwater,Florida,USA,,,Gulf of Mexico
Port St. Lucie,Florida,USA,,,Atlantic Ocean
Savannah,Georgia,USA,Savannah River,,Atlantic Ocean
Augusta,Georgia,USA,Savannah River,,
Honolulu,Hawaii,USA,,,Pacific Ocean
Hilo,Hawaii,USA,,,Pacific Ocean
Chicago,Illinois,USA,,Lake Michigan,
Evansville,Indiana,USA,Ohio River,,
Wichita,Kansas,USA,Arkansas,,
Kansas City,Kansas,USA,Missouri,,
Louisville,Kentucky,USA,Ohio River,,
New Orleans,Louisiana,USA,Mississippi,,
Baton Rouge,Louisiana,USA,Mississippi,,
Portland,Maine,USA,,,Atlantic Ocean
Annapolis,Maryland,USA,,,Atlantic Ocean
Boston,Massachusetts,USA,,,Atlantic Ocean
Springfield,Massachusetts,USA,Connecticut River,,
Detroit,Michigan,USA,Detroit River,,
Minneapolis,Minnesota,USA,Mississippi,,
St. Paul,Minnesota,USA,Mississippi,,
Kansas City,Missouri,USA,Missouri,,
St. Louis,Missouri,USA,Mississippi,,
St. Louis,Missouri,USA,Missouri,,
Independence,Missouri,USA,Missouri,,
Jefferson City,Missouri,USA,Missouri,,
Omaha,Nebraska,USA,Missouri,,
Reno,Nevada,USA,Truckee River,,
Concord,New Hampshire,USA,Merrimack River,,
Newark,New Jersey,USA,,,Atlantic Ocean
Jersey City,New Jersey,USA,Hudson River,,Atlantic Ocean
Elizabeth,New Jersey,USA,,,Atlantic Ocean
Albuquerque,New Mexico,USA,Rio Grande del Norte,,
New York,New York,USA,Hudson River,,Atlantic Ocean
Buffalo,New York,USA,,Lake Erie,
Rochester,New York,USA,,Lake Ontario,
Yonkers,New York,USA,Hudson River,,
Albany,New York,USA,Hudson River,,
Bismarck,North Dakota,USA,Missouri,Lake Oahe,
Cleveland,Ohio,USA,,Lake Erie,
Cincinnati,Ohio,USA,Ohio River,,
Toledo,Ohio,USA,,Lake Erie,
Tulsa,Oklahoma,USA,Arkansas,,
Portland,Oregon,USA,Columbia River,,
Philadelphia,Pennsylvania,USA,Delaware River,,
Pittsburgh,Pennsylvania,USA,Ohio River,,
Erie,Pennsylvania,USA,,Lake Erie,
Harrisburg,Pennsylvania,USA,Susquehanna River,,
Providence,Rhode Island,USA,,,Atlantic Ocean
Charleston,South Carolina,USA,,,Atlantic Ocean
Pierre,South Dakota,USA,Missouri,Lake Oahe,
Memphis,Tennessee,USA,Mississippi,,
Knoxville,Tennessee,USA,Tennessee River,,
Chattanooga,Tennessee,USA,Tennessee River,,
El Paso,Texas,USA,Rio Grande del Norte,,
Corpus Christi,Texas,USA,,,Gulf of Mexico
Waco,Texas,USA,Brazos River,,
Salt Lake City,Utah,USA,,Great Salt Lake,
Norfolk,Virginia,USA,,,Atlantic Ocean
Chesapeake,Virginia,USA,,,Atlantic Ocean
Newport News,Virginia,USA,,,Atlantic Ocean
Arlington,Virginia,USA,Potomac River,,
Alexandria,Virginia,USA,Potomac River,,
Vancouver,Washington,USA,Columbia River,,
Milwaukee,Wisconsin,USA,,Lake Michigan,
Washington,District of Columbia,USA,Potomac River,,
Tijuana,Baja California,MEX,,,Pacific Ocean
Ensenada,Baja California,MEX,,,Pacific Ocean
La Paz,Baja California Sur,MEX,,,Gulf of California
Cabo San Lucas,Baja California Sur,MEX,,,Pacific Ocean
Campeche,Campeche,MEX,,,Gulf of Mexico
Tuxtla GutiÃ©rrez,Chiapas,MEX,Rio Grijalva,,
Ciudad JuÃ¡rez,Chihuahua,MEX,Rio Grande del Norte,,
Irapuato,Guanajuato,MEX,Rio Lerma Santiago,,
Acapulco,Guerrero,MEX,,,Pacific Ocean
Guadalajara,Jalisco,MEX,Rio Lerma Santiago,,
CancÃºn,Quintana Roo,MEX,,,Caribbean Sea
Chetumal,Quintana Roo,MEX,,,Caribbean Sea
Playa del Carmen,Quintana Roo,MEX,,,Caribbean Sea
MazatlÃ¡n,Sinaloa,MEX,,,Pacific Ocean
Los Mochis,Sinaloa,MEX,,,Gulf of California
Villahermosa,Tabasco,MEX,Rio Grijalva,,
Tampico,Tamaulipas,MEX,,,Gulf of Mexico
Matamoros,Tamaulipas,MEX,Rio Grande del Norte,,
Reynosa,Tamaulipas,MEX,Rio Grande del Norte,,
Nuevo Laredo,Tamaulipas,MEX,Rio Grande del Norte,,
Ciudad Madero,Tamaulipas,MEX,,,Gulf of Mexico
Coatzacoalcos,Veracruz,MEX,,,Gulf of Mexico
Veracruz,Veracruz,MEX,,,Gulf of Mexico
Boca del RÃ­o,Veracruz,MEX,,,Gulf of Mexico
Belmopan,Belize,BZ,Belize River,,
Belize City,Belize,BZ,Belize River,,Caribbean Sea
La Ceiba,AtlÃ¡ntida,HN,,,Caribbean Sea
Trujillo,ColÃ³n,HN,,,Caribbean Sea
Puerto Cortes,CortÃ©s,HN,,,Caribbean Sea
Puerto Lempira,Gracias a Dios,HN,,,Caribbean Sea
Managua,Nicaragua,NIC,,Lake Managua,
Granada,Nicaragua,NIC,,Lake Nicaragua,
Tipitapa,Nicaragua,NIC,,Lake Managua,
Puntarenas,Puntarenas,CR,,,Pacific Ocean
LimÃ³n,LimÃ³n,CR,,,Caribbean Sea
Bocas del Toro,Bocas del Toro,PA,,,Caribbean Sea
Changuinola,Bocas del Toro,PA,,,Caribbean Sea
ColÃ³n,ColÃ³n,PA,,,Caribbean Sea
El Porvenir,Guna Yala,PA,,,Caribbean Sea
La Palma,DariÃ©n,PA,,,Pacific Ocean
PanamÃ¡ City,PanamÃ¡,PA,,,Pacific Ocean
Nassau,Bahamas,BS,,,Atlantic Ocean
Grand Turk,Turks and Caicos Islands,TUCA,,,Atlantic Ocean
George Town,Cayman Islands,CYM,,,Caribbean Sea
Cienfuegos,Cienfuegos,C,,,Caribbean Sea
La Habana,La Habana,C,,,Gulf of Mexico
Manzanillo,Granma,C,,,Caribbean Sea
GuantÃ¡namo,GuantÃ¡namo,C,,,Caribbean Sea
Santiago de Cuba,Santiago de Cuba,C,,,Caribbean Sea
Kingston,Jamaica,JA,,,Caribbean Sea
Port-au-Prince,Haiti,RH,,,Caribbean Sea
Carrefour,Haiti,RH,,,Caribbean Sea
Delmas,Haiti,RH,,,Caribbean Sea
PÃ©tion-Ville,Haiti,RH,,,Caribbean Sea
GonaÃ¯ves,Haiti,RH,,,Caribbean Sea
Cap-HaÃ¯tien,Haiti,RH,,,Atlantic Ocean
Santo Domingo,Dominican Republic,DOM,,,Caribbean Sea
Puerto Plata,Dominican Republic,DOM,,,Atlantic Ocean
San Juan,Puerto Rico,PR,,,Atlantic Ocean
Ponce,Puerto Rico,PR,,,Caribbean Sea
Carolina,Puerto Rico,PR,,,Atlantic Ocean
Charlotte Amalie,Virgin Islands,VIRG,,,Caribbean Sea
Road Town,British Virgin Islands,BVI,,,Caribbean Sea
The Valley,Anguilla,AXA,,,Atlantic Ocean
Marigot,Saint Martin,SMAR,,,Caribbean Sea
Philipsburg,Sint Maarten,SX,,,Caribbean Sea
Gustavia,Saint Barthelemy,SBAR,,,Caribbean Sea
Basseterre,Saint Kitts and Nevis,KN,,,Caribbean Sea
St. John's,Antigua and Barbuda,AG,,,Caribbean Sea
Plymouth,Montserrat,MNTS,,,Caribbean Sea
Brades,Montserrat,MNTS,,,Caribbean Sea
Basse-Terre,Guadeloupe,GP,,,Caribbean Sea
Roseau,Dominica,WD,,,Caribbean Sea
Fort-de-France,Martinique,MQ,,,Caribbean Sea
Castries,Saint Lucia,WL,,,Caribbean Sea
Bridgetown,Barbados,BDS,,,Atlantic Ocean
Kingstown,Saint Vincent and the Grenadines,WV,,,Caribbean Sea
Saint George's,Grenada,WG,,,Caribbean Sea
Port-of-Spain,Trinidad and Tobago,TT,,,Caribbean Sea
Kralendijk,Bonaire,NLB,,,Caribbean Sea
Willemstad,Curacao,CUR,,,Caribbean Sea
Oranjestad,Aruba,ARU,,,Caribbean Sea
Puerto Ayacucho,Amazonas,YV,Orinoco,,
Barcelona,AnzoÃ¡tegui,YV,,,Caribbean Sea
Puerto La Cruz,AnzoÃ¡tegui,YV,,,Caribbean Sea
San Fernando,Apure,YV,Apure,,
Ciudad BolÃ­var,BolÃ­var,YV,Orinoco,,
Ciudad Guayana,BolÃ­var,YV,Orinoco,,
Puerto Cabello,Carabobo,YV,,,Caribbean Sea
Tucupita,Delta Amacuro,YV,Orinoco,,
Santa Ana de Coro,FalcÃ³n,YV,,,Caribbean Sea
CumanÃ¡,Sucre,YV,,,Caribbean Sea
Maracaibo,Zulia,YV,,,Caribbean Sea
Maracaibo,Zulia,YV,,,Lago de Maracaibo
Cabimas,Zulia,YV,,,Lago de Maracaibo
La Guaira,Vargas,YV,,,Caribbean Sea
Catia La Mar,Vargas,YV,,,Caribbean Sea
Georgetown,Guyana,GUY,,,Atlantic Ocean
Paramaribo,Suriname,SME,Suriname,,Atlantic Ocean
Cayenne,French Guiana,GF,,,Atlantic Ocean
Leticia,Amazonas,CO,Amazonas,,
Arauca,Arauca,CO,Arauca,,
Cartagena,BolÃ­var,CO,,,Caribbean Sea
MaganguÃ©,BolÃ­var,CO,Rio Magdalena,,
PopayÃ¡n,Cauca,CO,Rio Cauca,,
Soacha,Cundinamarca,CO,Rio Bogota,,
Riohacha,La Guajira,CO,,,Caribbean Sea
San Jose del Guaviare,Guaviare,CO,Rio Guaviare,,
Neiva,Huila,CO,Rio Magdalena,,
Santa Marta,Magdalena,CO,,,Caribbean Sea
CiÃ©naga,Magdalena,CO,,,Caribbean Sea
San Andres,"San AndrÃ©s, Providencia y Santa Catalina",CO,,,Caribbean Sea
BogotÃ¡,BogotÃ¡ Distrito Especial,CO,Rio Bogota,,
Barrancabermeja,Santander,CO,Rio Magdalena,,
Cali,Valle de Cauca,CO,Rio Cauca,,
Buenaventura,Valle de Cauca,CO,,,Pacific Ocean
TuluÃ¡,Valle de Cauca,CO,Rio Cauca,,
Cartago,Valle de Cauca,CO,Rio Cauca,,
Puerto Carreno,Vichada,CO,Orinoco,,
Puerto Carreno,Vichada,CO,Rio Meta,,
Guayaquil,Ecuador,EC,Rio Guayas,,Pacific Ocean
Chimbote,Ancash,PE,,,Pacific Ocean
Callao,Callao,PE,,,Pacific Ocean
HuÃ¡nuco,HuÃ¡nuco,PE,Huallaga,,
Huancayo,JunÃ­n,PE,Mantaro,,
Trujillo,La Libertad,PE,,,Pacific Ocean
Chiclayo,Lambayeque,PE,,,Pacific Ocean
Lima,Lima City,PE,,,Pacific Ocean
Iquitos,Loreto,PE,Amazonas,,
Puerto Maldonado,Madre de Dios,PE,Rio Madre de Dios,,
Talara,Piura,PE,,,Pacific Ocean
Tumbes,Tumbes,PE,,,Pacific Ocean
Pucallpa,Ucayali,PE,Ucayali,,
Cobija,Pando,BOL,Acre,,
Iquique,TarapacÃ¡,RCH,,,Pacific Ocean
Antofagasta,Antofagasta,RCH,,,Pacific Ocean
La Serena,Coquimbo,RCH,,,Pacific Ocean
ValparaÃ­so,ValparaÃ­so,RCH,,,Pacific Ocean
ConcepciÃ³n,BÃ­o-BÃ­o,RCH,,,Pacific Ocean
Puerto Montt,Lagos,RCH,,,Pacific Ocean
Punta Arenas,Magallanes,RCH,,,Pacific Ocean
Valdivia,RÃ­os,RCH,,,Pacific Ocean
Arica,Arica y Parinacota,RCH,,,Pacific Ocean
La Plata,Buenos Aires,RA,,,Atlantic Ocean
Mar del Plata,Buenos Aires,RA,,,Atlantic Ocean
San Isidro,Buenos Aires,RA,Parana,,
BahÃ­a Blanca,Buenos Aires,RA,,,Atlantic Ocean
Resistencia,Chaco,RA,Parana,,
Comodoro Rivadavia,Chubut,RA,,,Atlantic Ocean
Rawson,Chubut,RA,RÃ­o Chubut,,Atlantic Ocean
Corrientes,Corrientes,RA,Parana,,
ParanÃ¡,Entre RÃ­os,RA,Parana,,
Concordia,Entre RÃ­os,RA,Uruguay,,
Formosa,Formosa,RA,Paraguay,,
Posadas,Misiones,RA,Parana,,
NeuquÃ©n,NeuquÃ©n,RA,RÃ­o Neuquen,,
NeuquÃ©n,NeuquÃ©n,RA,RÃ­o Limay,,
Viedma,RÃ­o Negro,RA,RÃ­o Neuquen,,
Bariloche,RÃ­o Negro,RA,,,
RÃ­o Gallegos,Santa Cruz,RA,,,Atlantic Ocean
Santa Fe,Santa Fe,RA,Parana,,
Rosario,Santa Fe,RA,Parana,,
Santiago del Estero,Santiago de Estero,RA,RÃ­o Sali,,
Ushuaia,Tierra del Fuego,RA,,,Atlantic Ocean
San Miguel de TucumÃ¡n,TucumÃ¡n,RA,RÃ­o Sali,,
Buenos Aires,Distrito Federal,RA,Parana,,Atlantic Ocean
AsunciÃ³n,Paraguay,PY,Paraguay,,
Ciudad del Este,Paraguay,PY,Parana,,
Montevideo,Uruguay,ROU,,,Atlantic Ocean
Salto,Uruguay,ROU,Uruguay,,
Rio Branco,Acre,BR,Acre,,
MaceiÃ³,Alagoas,BR,,,Atlantic Ocean
MacapÃ¡,AmapÃ¡,BR,Amazonas,,
Manaus,Amazonas,BR,Amazonas,,
Manaus,Amazonas,BR,Rio Negro,,
Salvador,Bahia,BR,,,Atlantic Ocean
IlhÃ©us,Bahia,BR,,,Atlantic Ocean
Juazeiro,Bahia,BR,Rio Sao Francisco,,
CamaÃ§ari,Bahia,BR,,,Atlantic Ocean
Lauro de Freitas,Bahia,BR,,,Atlantic Ocean
Porto Seguro,Bahia,BR,,,Atlantic Ocean
Fortaleza,CearÃ¡,BR,,,Atlantic Ocean
VitÃ³ria,EspÃ­rito Santo,BR,,,Atlantic Ocean
Vila Velha,EspÃ­rito Santo,BR,,,Atlantic Ocean
Serra,EspÃ­rito Santo,BR,,,Atlantic Ocean
SÃ£o LuÃ­s,MaranhÃ£o,BR,,,Atlantic Ocean
Imperatriz,MaranhÃ£o,BR,Tocantins,,
CuiabÃ¡,Mato Grosso,BR,Rio CuiabÃ¡,,
BelÃ©m,ParÃ¡,BR,Tocantins,,Atlantic Ocean
SantarÃ©m,ParÃ¡,BR,Amazonas,,
SantarÃ©m,ParÃ¡,BR,TapajÃ³s,,
MarabÃ¡,ParÃ¡,BR,Tocantins,,
JoÃ£o Pessoa,ParaÃ­ba,BR,,,Atlantic Ocean
Curitiba,ParanÃ¡,BR,Iguacu,,
Foz do IguaÃ§u,ParanÃ¡,BR,Parana,,
Foz do IguaÃ§u,ParanÃ¡,BR,Iguacu,,
ParanaguÃ¡,ParanÃ¡,BR,,,Atlantic Ocean
Recife,Pernambuco,BR,,,Atlantic Ocean
Petrolina,Pernambuco,BR,Rio Sao Francisco,,
Teresina,PiauÃ­,BR,Rio Parnaiba,,
ParnaÃ­ba,PiauÃ­,BR,Rio Parnaiba,,Atlantic Ocean
Rio de Janeiro,Rio de Janeiro,BR,,,Atlantic Ocean
SÃ£o GonÃ§alo,Rio de Janeiro,BR,,,Atlantic Ocean
Duque de Caxias,Rio de Janeiro,BR,,,Atlantic Ocean
NiterÃ³i,Rio de Janeiro,BR,,,Atlantic Ocean
Campos dos Goytacazes,Rio de Janeiro,BR,Rio Paraiba do Sul,,
Volta Redonda,Rio de Janeiro,BR,Rio Paraiba do Sul,,
MagÃ©,Rio de Janeiro,BR,,,Atlantic Ocean
ItaboraÃ­,Rio de Janeiro,BR,,,Atlantic Ocean
MacaÃ©,Rio de Janeiro,BR,,,Atlantic Ocean
Cabo Frio,Rio de Janeiro,BR,,,Atlantic Ocean
Barra Mansa,Rio de Janeiro,BR,Rio Paraiba do Sul,,
Angra dos Reis,Rio de Janeiro,BR,,,Atlantic Ocean
Natal,Rio Grande do Norte,BR,,,Atlantic Ocean
Parnamirim,Rio Grande do Norte,BR,,,Atlantic Ocean
Porto Alegre,Rio Grande do Sul,BR,,,Atlantic Ocean
Rio Grande,Rio Grande do Sul,BR,,,Atlantic Ocean
Uruguaiana,Rio Grande do Sul,BR,Uruguay,,
Porto Velho,RondÃ´nia,BR,Rio Madeira,,
FlorianÃ³polis,Santa Catarina,BR,,,Atlantic Ocean
SÃ£o JosÃ©,Santa Catarina,BR,,,Atlantic Ocean
ItajaÃ­,Santa Catarina,BR,,,Atlantic Ocean
SÃ£o Paulo,SÃ£o Paulo,BR,Tiete,,
Osasco,SÃ£o Paulo,BR,Tiete,,
Guarulhos,SÃ£o Paulo,BR,Tiete,,
Itaquaquecetuba,SÃ£o Paulo,BR,Tiete,,
SÃ£o JosÃ© dos Campos,SÃ£o Paulo,BR,Rio Paraiba do Sul,,
Santos,SÃ£o Paulo,BR,,,Atlantic Ocean
Mogi das Cruzes,SÃ£o Paulo,BR,Tiete,,
SÃ£o Vicente,SÃ£o Paulo,BR,,,Atlantic Ocean
GuarujÃ¡,SÃ£o Paulo,BR,,,Atlantic Ocean
TaubatÃ©,SÃ£o Paulo,BR,Rio Paraiba do Sul,,
Suzano,SÃ£o Paulo,BR,Tiete,,
Barueri,SÃ£o Paulo,BR,Tiete,,
JacareÃ­,SÃ£o Paulo,BR,Rio Paraiba do Sul,,
Pindamonhangaba,SÃ£o Paulo,BR,Rio Paraiba do Sul,,
Praia Grande,SÃ£o Paulo,BR,,,Atlantic Ocean
Aracaju,Sergipe,BR,,,Atlantic Ocean
Palmas,Tocantins,BR,Tocantins,,
Stanley,Falkland Islands,FALK,,,Atlantic Ocean
